time,status,f0_
00:00:00,approved,9
00:00:00,denied,6
00:00:00,refunded,1
00:01:00,denied,8
00:01:00,approved,13
00:02:00,refunded,1
00:02:00,approved,11
00:02:00,denied,7
00:03:00,denied,3
00:03:00,approved,12
00:04:00,approved,11
00:05:00,denied,2
00:05:00,approved,9
00:06:00,denied,2
00:06:00,approved,9
00:07:00,reversed,1
00:07:00,denied,1
00:07:00,approved,11
00:08:00,approved,7
00:08:00,denied,2
00:09:00,approved,9
00:10:00,denied,1
00:10:00,approved,10
00:11:00,approved,14
00:11:00,denied,2
00:12:00,approved,10
00:13:00,approved,11
00:14:00,approved,7
00:15:00,approved,6
00:16:00,approved,7
00:17:00,approved,7
00:18:00,approved,3
00:19:00,approved,7
00:19:00,denied,3
00:19:00,refunded,1
00:20:00,denied,1
00:20:00,approved,13
00:21:00,approved,6
00:21:00,denied,1
00:22:00,approved,3
00:23:00,approved,10
00:23:00,denied,2
00:24:00,approved,10
00:24:00,denied,1
00:25:00,approved,3
00:26:00,approved,7
00:26:00,denied,2
00:27:00,denied,2
00:27:00,approved,8
00:28:00,approved,11
00:28:00,denied,2
00:29:00,denied,1
00:29:00,approved,5
00:30:00,denied,2
00:30:00,approved,6
00:31:00,approved,8
00:32:00,approved,4
00:32:00,denied,2
00:33:00,denied,3
00:33:00,approved,4
00:34:00,denied,1
00:34:00,approved,7
00:35:00,approved,8
00:36:00,denied,1
00:36:00,approved,10
00:37:00,approved,10
00:37:00,denied,3
00:38:00,approved,7
00:38:00,denied,1
00:39:00,approved,6
00:40:00,denied,1
00:40:00,approved,6
00:41:00,approved,5
00:41:00,denied,1
00:42:00,approved,6
00:43:00,approved,4
00:44:00,approved,4
00:45:00,approved,5
00:46:00,approved,2
00:47:00,approved,6
00:47:00,reversed,1
00:48:00,approved,4
00:49:00,denied,3
00:49:00,approved,11
00:50:00,approved,6
00:50:00,denied,5
00:51:00,approved,2
00:52:00,approved,10
00:52:00,denied,1
00:53:00,denied,2
00:53:00,approved,5
00:54:00,denied,1
00:54:00,approved,5
00:55:00,approved,2
00:55:00,denied,3
00:56:00,denied,1
00:56:00,reversed,1
00:56:00,approved,2
00:57:00,approved,2
00:57:00,denied,1
00:58:00,approved,3
00:58:00,denied,1
00:59:00,approved,4
00:59:00,denied,1
01:00:00,approved,2
01:01:00,approved,3
01:01:00,denied,1
01:02:00,approved,4
01:03:00,approved,5
01:04:00,approved,12
01:05:00,approved,5
01:06:00,approved,5
01:07:00,denied,3
01:07:00,approved,1
01:08:00,denied,1
01:08:00,backend_reversed,1
01:08:00,approved,3
01:09:00,approved,2
01:10:00,approved,5
01:11:00,approved,3
01:11:00,denied,1
01:12:00,approved,5
01:12:00,denied,2
01:13:00,denied,2
01:13:00,approved,5
01:14:00,approved,4
01:15:00,approved,2
01:16:00,approved,5
01:17:00,approved,5
01:18:00,approved,1
01:19:00,approved,4
01:20:00,approved,3
01:21:00,approved,1
01:22:00,refunded,1
01:22:00,approved,2
01:23:00,approved,3
01:24:00,denied,1
01:24:00,approved,2
01:25:00,approved,2
01:25:00,denied,1
01:26:00,approved,2
01:26:00,denied,1
01:27:00,approved,5
01:27:00,denied,1
01:28:00,approved,5
01:29:00,denied,1
01:29:00,approved,2
01:30:00,approved,1
01:30:00,denied,2
01:31:00,denied,2
01:31:00,approved,2
01:32:00,approved,3
01:32:00,denied,1
01:33:00,approved,1
01:33:00,denied,2
01:34:00,approved,6
01:34:00,denied,3
01:35:00,denied,1
01:35:00,approved,4
01:36:00,approved,3
01:38:00,approved,4
01:39:00,approved,2
01:39:00,denied,1
01:40:00,approved,1
01:41:00,approved,1
01:42:00,approved,4
01:43:00,approved,5
01:44:00,approved,6
01:44:00,denied,1
01:45:00,approved,3
01:46:00,approved,1
01:47:00,approved,1
01:48:00,approved,1
01:49:00,approved,1
01:50:00,approved,4
01:52:00,approved,2
01:53:00,approved,2
01:54:00,approved,1
01:55:00,approved,4
01:55:00,denied,2
01:56:00,approved,3
01:56:00,denied,2
01:57:00,denied,2
01:57:00,approved,2
01:58:00,approved,1
01:59:00,denied,1
02:00:00,approved,2
02:01:00,approved,3
02:02:00,denied,1
02:03:00,approved,4
02:03:00,denied,1
02:04:00,approved,2
02:05:00,denied,1
02:05:00,approved,1
02:06:00,approved,1
02:07:00,approved,1
02:08:00,approved,1
02:09:00,approved,2
02:10:00,approved,2
02:12:00,approved,2
02:14:00,approved,2
02:15:00,approved,1
02:16:00,approved,1
02:16:00,denied,1
02:17:00,approved,2
02:20:00,approved,1
02:21:00,approved,1
02:22:00,approved,1
02:22:00,denied,1
02:23:00,denied,1
02:23:00,approved,1
02:24:00,approved,2
02:24:00,denied,1
02:25:00,approved,1
02:26:00,approved,1
02:27:00,approved,1
02:28:00,approved,3
02:30:00,approved,1
02:31:00,denied,1
02:31:00,approved,3
02:32:00,approved,2
02:33:00,approved,1
02:34:00,approved,1
02:35:00,denied,1
02:36:00,approved,1
02:39:00,approved,3
02:40:00,approved,4
02:41:00,denied,1
02:41:00,approved,1
02:42:00,approved,2
02:43:00,approved,1
02:44:00,approved,1
02:45:00,approved,1
02:47:00,approved,1
02:48:00,approved,1
02:54:00,approved,2
02:54:00,denied,1
02:55:00,approved,1
02:56:00,approved,2
02:57:00,approved,1
02:59:00,approved,1
03:02:00,approved,1
03:03:00,approved,3
03:04:00,approved,3
03:06:00,approved,1
03:06:00,denied,1
03:08:00,approved,1
03:10:00,approved,1
03:12:00,denied,2
03:12:00,approved,2
03:13:00,denied,1
03:14:00,approved,1
03:16:00,approved,1
03:17:00,approved,1
03:22:00,denied,1
03:22:00,approved,2
03:23:00,approved,2
03:24:00,approved,1
03:26:00,approved,2
03:27:00,approved,2
03:32:00,approved,4
03:33:00,approved,1
03:34:00,approved,2
03:35:00,approved,1
03:37:00,approved,1
03:39:00,denied,2
03:39:00,approved,1
03:40:00,denied,1
03:41:00,denied,1
03:42:00,denied,2
03:43:00,denied,2
03:44:00,denied,1
03:45:00,approved,1
03:47:00,approved,2
03:48:00,approved,4
03:52:00,approved,1
03:53:00,denied,1
03:55:00,denied,1
03:58:00,denied,1
03:58:00,approved,1
04:03:00,approved,1
04:04:00,approved,1
04:06:00,approved,1
04:16:00,approved,1
04:19:00,approved,2
04:23:00,denied,1
04:24:00,denied,1
04:31:00,approved,1
04:36:00,approved,1
04:37:00,approved,2
04:41:00,approved,2
04:42:00,approved,1
04:43:00,approved,2
04:44:00,approved,1
04:46:00,approved,1
04:47:00,approved,1
04:51:00,approved,1
04:52:00,approved,2
04:54:00,approved,1
04:55:00,approved,1
04:55:00,denied,1
04:56:00,approved,2
04:56:00,denied,2
04:57:00,approved,1
04:59:00,approved,2
05:00:00,approved,2
05:01:00,approved,1
05:02:00,approved,3
05:03:00,approved,1
05:04:00,approved,1
05:05:00,approved,1
05:06:00,approved,2
05:07:00,approved,1
05:07:00,denied,1
05:09:00,approved,1
05:10:00,approved,3
05:11:00,approved,2
05:12:00,approved,3
05:13:00,approved,2
05:14:00,denied,1
05:14:00,approved,1
05:15:00,denied,2
05:15:00,approved,2
05:16:00,approved,3
05:17:00,denied,1
05:17:00,approved,2
05:18:00,denied,2
05:19:00,denied,1
05:20:00,approved,1
05:20:00,denied,1
05:21:00,approved,3
05:21:00,denied,2
05:22:00,approved,2
05:23:00,approved,1
05:24:00,approved,3
05:25:00,approved,4
05:26:00,approved,4
05:26:00,denied,1
05:27:00,approved,3
05:27:00,denied,3
05:28:00,approved,6
05:29:00,approved,4
05:29:00,denied,1
05:30:00,denied,3
05:30:00,approved,7
05:31:00,approved,4
05:32:00,approved,4
05:33:00,approved,5
05:34:00,approved,3
05:34:00,denied,3
05:35:00,approved,4
05:35:00,denied,1
05:36:00,denied,1
05:36:00,approved,5
05:37:00,approved,6
05:38:00,approved,8
05:39:00,approved,7
05:40:00,approved,6
05:41:00,denied,1
05:41:00,approved,7
05:42:00,approved,8
05:42:00,denied,2
05:43:00,approved,7
05:43:00,denied,1
05:44:00,approved,5
05:44:00,denied,1
05:45:00,approved,8
05:46:00,approved,7
05:46:00,denied,1
05:47:00,denied,1
05:48:00,denied,4
05:48:00,approved,8
05:49:00,approved,12
05:50:00,approved,14
05:51:00,denied,1
05:51:00,approved,10
05:52:00,approved,10
05:53:00,approved,6
05:54:00,approved,9
05:55:00,approved,10
05:56:00,approved,8
05:56:00,denied,1
05:57:00,approved,11
05:57:00,denied,2
05:58:00,denied,1
05:58:00,approved,10
05:59:00,denied,2
05:59:00,refunded,1
05:59:00,approved,14
06:00:00,approved,5
06:00:00,denied,1
06:01:00,approved,13
06:01:00,denied,3
06:02:00,approved,15
06:02:00,denied,3
06:03:00,approved,17
06:03:00,denied,1
06:04:00,approved,12
06:04:00,denied,2
06:05:00,approved,13
06:06:00,approved,17
06:06:00,reversed,1
06:07:00,approved,17
06:08:00,approved,20
06:08:00,denied,1
06:09:00,approved,21
06:09:00,denied,2
06:10:00,denied,3
06:10:00,reversed,1
06:10:00,approved,23
06:11:00,approved,24
06:11:00,denied,2
06:12:00,denied,1
06:12:00,approved,20
06:13:00,approved,20
06:13:00,denied,1
06:14:00,approved,19
06:14:00,denied,2
06:15:00,approved,22
06:16:00,approved,20
06:16:00,denied,3
06:17:00,denied,2
06:17:00,backend_reversed,1
06:17:00,approved,21
06:18:00,denied,1
06:18:00,approved,31
06:19:00,approved,19
06:19:00,denied,2
06:20:00,reversed,1
06:20:00,approved,31
06:20:00,denied,4
06:21:00,refunded,1
06:21:00,approved,34
06:21:00,denied,4
06:22:00,approved,20
06:22:00,denied,3
06:23:00,approved,34
06:23:00,backend_reversed,1
06:23:00,denied,3
06:24:00,denied,2
06:24:00,approved,30
06:25:00,denied,3
06:25:00,approved,22
06:26:00,denied,2
06:26:00,approved,24
06:27:00,approved,15
06:27:00,denied,3
06:28:00,backend_reversed,1
06:28:00,approved,18
06:28:00,denied,1
06:28:00,reversed,1
06:29:00,denied,3
06:29:00,approved,33
06:30:00,approved,22
06:30:00,denied,2
06:31:00,denied,8
06:31:00,approved,38
06:32:00,denied,5
06:32:00,approved,28
06:33:00,denied,5
06:33:00,approved,34
06:33:00,reversed,1
06:34:00,approved,32
06:34:00,reversed,1
06:34:00,denied,3
06:35:00,approved,21
06:35:00,denied,4
06:35:00,reversed,1
06:36:00,approved,32
06:36:00,reversed,1
06:36:00,denied,5
06:37:00,denied,3
06:37:00,approved,35
06:38:00,approved,31
06:38:00,reversed,1
06:38:00,backend_reversed,1
06:38:00,denied,5
06:39:00,approved,42
06:39:00,denied,1
06:40:00,approved,39
06:40:00,denied,4
06:41:00,denied,3
06:41:00,approved,40
06:42:00,denied,3
06:42:00,approved,52
06:43:00,denied,7
06:43:00,approved,41
06:43:00,backend_reversed,1
06:44:00,approved,40
06:44:00,denied,6
06:45:00,approved,53
06:45:00,denied,7
06:46:00,denied,2
06:46:00,approved,42
06:47:00,approved,53
06:47:00,reversed,1
06:47:00,denied,7
06:48:00,approved,33
06:48:00,denied,5
06:49:00,denied,7
06:49:00,approved,39
06:50:00,approved,43
06:50:00,denied,4
06:51:00,approved,53
06:51:00,denied,7
06:52:00,denied,3
06:52:00,refunded,3
06:52:00,approved,45
06:53:00,denied,7
06:53:00,approved,48
06:53:00,refunded,1
06:54:00,reversed,1
06:54:00,denied,3
06:54:00,approved,48
06:55:00,denied,3
06:55:00,approved,49
06:56:00,approved,42
06:56:00,denied,5
06:56:00,reversed,1
06:57:00,backend_reversed,1
06:57:00,approved,59
06:57:00,denied,3
06:58:00,approved,51
06:58:00,denied,5
06:58:00,reversed,1
06:58:00,backend_reversed,1
06:59:00,refunded,1
06:59:00,backend_reversed,1
06:59:00,approved,59
06:59:00,denied,2
07:00:00,approved,70
07:00:00,denied,9
07:01:00,refunded,1
07:01:00,denied,5
07:01:00,approved,44
07:01:00,reversed,1
07:02:00,approved,70
07:02:00,denied,6
07:03:00,approved,73
07:03:00,denied,6
07:04:00,reversed,1
07:04:00,denied,8
07:04:00,approved,59
07:05:00,approved,74
07:05:00,denied,8
07:05:00,reversed,1
07:06:00,reversed,1
07:06:00,denied,10
07:06:00,approved,63
07:06:00,refunded,1
07:07:00,refunded,1
07:07:00,approved,63
07:07:00,denied,2
07:08:00,approved,75
07:08:00,denied,6
07:09:00,approved,65
07:09:00,denied,7
07:10:00,approved,66
07:10:00,denied,11
07:10:00,reversed,1
07:11:00,approved,65
07:11:00,denied,5
07:11:00,reversed,2
07:12:00,approved,57
07:12:00,denied,6
07:13:00,denied,5
07:13:00,refunded,1
07:13:00,approved,68
07:14:00,approved,69
07:14:00,denied,4
07:15:00,denied,3
07:15:00,approved,73
07:16:00,denied,10
07:16:00,approved,63
07:17:00,backend_reversed,1
07:17:00,approved,74
07:17:00,denied,10
07:17:00,reversed,1
07:18:00,approved,77
07:18:00,denied,4
07:19:00,denied,6
07:19:00,approved,69
07:20:00,denied,6
07:20:00,reversed,1
07:20:00,approved,66
07:21:00,approved,83
07:21:00,denied,4
07:22:00,approved,84
07:22:00,denied,5
07:23:00,denied,6
07:23:00,approved,86
07:24:00,approved,89
07:24:00,denied,6
07:24:00,reversed,1
07:25:00,approved,80
07:25:00,denied,4
07:26:00,denied,8
07:26:00,backend_reversed,1
07:26:00,approved,79
07:27:00,approved,88
07:27:00,denied,7
07:27:00,backend_reversed,1
07:28:00,denied,8
07:28:00,approved,71
07:28:00,reversed,1
07:29:00,reversed,1
07:29:00,denied,10
07:29:00,backend_reversed,1
07:29:00,approved,81
07:30:00,denied,10
07:30:00,backend_reversed,1
07:30:00,approved,91
07:31:00,reversed,1
07:31:00,approved,92
07:31:00,denied,7
07:32:00,approved,75
07:32:00,denied,7
07:33:00,approved,94
07:33:00,denied,8
07:34:00,reversed,1
07:34:00,approved,74
07:34:00,denied,5
07:35:00,approved,77
07:35:00,denied,10
07:36:00,backend_reversed,1
07:36:00,approved,92
07:36:00,denied,9
07:37:00,denied,14
07:37:00,approved,90
07:38:00,backend_reversed,2
07:38:00,denied,9
07:38:00,approved,95
07:39:00,denied,8
07:39:00,approved,124
07:39:00,reversed,1
07:40:00,approved,91
07:40:00,denied,10
07:41:00,denied,9
07:41:00,refunded,1
07:41:00,approved,84
07:42:00,approved,110
07:42:00,denied,12
07:43:00,approved,91
07:43:00,denied,8
07:44:00,backend_reversed,1
07:44:00,approved,113
07:44:00,denied,10
07:45:00,reversed,1
07:45:00,approved,102
07:45:00,denied,6
07:45:00,refunded,1
07:46:00,reversed,1
07:46:00,approved,108
07:46:00,denied,6
07:47:00,approved,110
07:47:00,denied,10
07:48:00,backend_reversed,1
07:48:00,approved,104
07:48:00,denied,10
07:48:00,refunded,2
07:49:00,reversed,1
07:49:00,approved,93
07:49:00,denied,15
07:49:00,refunded,1
07:50:00,approved,110
07:50:00,denied,17
07:50:00,refunded,1
07:50:00,reversed,1
07:51:00,refunded,1
07:51:00,denied,21
07:51:00,approved,110
07:52:00,reversed,1
07:52:00,denied,15
07:52:00,approved,128
07:53:00,approved,119
07:53:00,denied,17
07:54:00,approved,89
07:54:00,denied,21
07:55:00,denied,12
07:55:00,approved,119
07:56:00,reversed,1
07:56:00,approved,136
07:56:00,denied,9
07:57:00,reversed,1
07:57:00,approved,124
07:57:00,denied,17
07:57:00,backend_reversed,1
07:58:00,denied,14
07:58:00,backend_reversed,1
07:58:00,approved,124
07:59:00,approved,120
07:59:00,denied,8
08:00:00,approved,127
08:00:00,refunded,1
08:00:00,denied,8
08:01:00,approved,124
08:01:00,denied,9
08:02:00,approved,134
08:02:00,backend_reversed,1
08:02:00,denied,5
08:03:00,approved,113
08:03:00,denied,18
08:03:00,backend_reversed,3
08:04:00,denied,14
08:04:00,reversed,1
08:04:00,refunded,1
08:04:00,approved,126
08:05:00,denied,11
08:05:00,backend_reversed,2
08:05:00,approved,116
08:05:00,reversed,3
08:06:00,denied,23
08:06:00,reversed,1
08:06:00,approved,128
08:06:00,backend_reversed,1
08:07:00,reversed,1
08:07:00,approved,128
08:07:00,denied,18
08:07:00,backend_reversed,2
08:08:00,approved,140
08:08:00,reversed,1
08:08:00,denied,13
08:08:00,backend_reversed,2
08:09:00,reversed,1
08:09:00,approved,156
08:09:00,denied,21
08:10:00,backend_reversed,1
08:10:00,approved,150
08:10:00,denied,15
08:10:00,reversed,1
08:11:00,approved,137
08:11:00,denied,12
08:12:00,approved,153
08:12:00,denied,21
08:13:00,denied,21
08:13:00,reversed,1
08:13:00,approved,165
08:14:00,denied,19
08:14:00,reversed,1
08:14:00,approved,156
08:14:00,backend_reversed,1
08:15:00,approved,176
08:15:00,backend_reversed,2
08:15:00,denied,12
08:16:00,denied,22
08:16:00,approved,185
08:17:00,approved,164
08:17:00,refunded,1
08:17:00,denied,27
08:18:00,refunded,1
08:18:00,approved,163
08:18:00,denied,16
08:19:00,approved,182
08:19:00,denied,22
08:20:00,approved,158
08:20:00,refunded,2
08:20:00,reversed,2
08:20:00,denied,16
08:21:00,refunded,1
08:21:00,approved,187
08:21:00,denied,25
08:22:00,approved,180
08:22:00,reversed,3
08:22:00,denied,18
08:23:00,approved,177
08:23:00,denied,21
08:23:00,reversed,1
08:23:00,refunded,1
08:24:00,denied,30
08:24:00,approved,201
08:24:00,reversed,1
08:25:00,approved,180
08:25:00,backend_reversed,1
08:25:00,denied,24
08:26:00,approved,171
08:26:00,refunded,1
08:26:00,reversed,1
08:26:00,denied,17
08:27:00,refunded,2
08:27:00,denied,19
08:27:00,backend_reversed,1
08:27:00,approved,189
08:28:00,denied,20
08:28:00,reversed,2
08:28:00,approved,203
08:29:00,approved,188
08:29:00,denied,22
08:30:00,backend_reversed,1
08:30:00,approved,190
08:30:00,reversed,1
08:30:00,refunded,1
08:30:00,denied,23
08:31:00,approved,186
08:31:00,denied,23
08:31:00,reversed,3
08:31:00,refunded,2
08:32:00,backend_reversed,1
08:32:00,approved,175
08:32:00,reversed,2
08:32:00,denied,19
08:33:00,denied,22
08:33:00,reversed,2
08:33:00,approved,200
08:34:00,denied,13
08:34:00,reversed,2
08:34:00,approved,198
08:35:00,reversed,1
08:35:00,denied,15
08:35:00,refunded,1
08:35:00,backend_reversed,2
08:35:00,approved,204
08:36:00,denied,18
08:36:00,refunded,1
08:36:00,approved,178
08:36:00,reversed,3
08:37:00,refunded,1
08:37:00,denied,20
08:37:00,approved,185
08:38:00,approved,195
08:38:00,denied,18
08:38:00,refunded,1
08:39:00,denied,24
08:39:00,reversed,1
08:39:00,approved,213
08:40:00,denied,24
08:40:00,approved,209
08:41:00,approved,215
08:41:00,denied,29
08:41:00,reversed,3
08:42:00,refunded,2
08:42:00,denied,18
08:42:00,approved,210
08:42:00,reversed,1
08:43:00,approved,219
08:43:00,denied,18
08:44:00,approved,213
08:44:00,denied,30
08:44:00,reversed,1
08:45:00,approved,219
08:45:00,reversed,1
08:45:00,denied,28
08:46:00,denied,27
08:46:00,reversed,1
08:46:00,approved,212
08:46:00,backend_reversed,1
08:47:00,refunded,1
08:47:00,backend_reversed,2
08:47:00,approved,228
08:47:00,denied,19
08:48:00,approved,222
08:48:00,denied,24
08:48:00,reversed,1
08:48:00,backend_reversed,3
08:49:00,backend_reversed,1
08:49:00,approved,235
08:49:00,denied,26
08:50:00,denied,34
08:50:00,reversed,1
08:50:00,approved,250
08:51:00,approved,251
08:51:00,denied,19
08:51:00,reversed,2
08:52:00,failed,1
08:52:00,denied,26
08:52:00,approved,230
08:53:00,reversed,1
08:53:00,failed,1
08:53:00,approved,250
08:53:00,refunded,1
08:53:00,denied,22
08:54:00,denied,23
08:54:00,reversed,1
08:54:00,approved,225
08:55:00,approved,227
08:55:00,refunded,1
08:55:00,denied,26
08:56:00,approved,255
08:56:00,denied,24
08:57:00,denied,30
08:57:00,reversed,2
08:57:00,approved,218
08:58:00,denied,22
08:58:00,reversed,1
08:58:00,approved,247
08:59:00,approved,231
08:59:00,refunded,2
08:59:00,denied,27
08:59:00,reversed,1
09:00:00,approved,245
09:00:00,backend_reversed,2
09:00:00,denied,34
09:01:00,reversed,4
09:01:00,approved,232
09:01:00,denied,34
09:02:00,approved,231
09:02:00,denied,25
09:02:00,reversed,1
09:03:00,approved,260
09:03:00,reversed,3
09:03:00,denied,24
09:04:00,denied,19
09:04:00,backend_reversed,2
09:04:00,approved,255
09:04:00,reversed,1
09:05:00,denied,21
09:05:00,backend_reversed,1
09:05:00,approved,228
09:05:00,reversed,2
09:06:00,denied,20
09:06:00,reversed,1
09:06:00,approved,258
09:07:00,reversed,1
09:07:00,denied,28
09:07:00,backend_reversed,1
09:07:00,approved,279
09:08:00,backend_reversed,3
09:08:00,approved,287
09:08:00,denied,26
09:09:00,denied,36
09:09:00,reversed,3
09:09:00,approved,295
09:09:00,backend_reversed,1
09:10:00,approved,251
09:10:00,denied,30
09:10:00,backend_reversed,1
09:10:00,reversed,1
09:11:00,denied,26
09:11:00,approved,266
09:11:00,refunded,1
09:11:00,reversed,4
09:12:00,backend_reversed,2
09:12:00,denied,27
09:12:00,reversed,1
09:12:00,approved,279
09:12:00,refunded,1
09:13:00,denied,35
09:13:00,reversed,1
09:13:00,approved,291
09:13:00,backend_reversed,3
09:14:00,approved,297
09:14:00,denied,25
09:14:00,backend_reversed,1
09:14:00,reversed,3
09:15:00,denied,31
09:15:00,approved,276
09:16:00,approved,270
09:16:00,denied,24
09:16:00,backend_reversed,2
09:16:00,reversed,1
09:16:00,refunded,1
09:17:00,approved,282
09:17:00,refunded,1
09:17:00,denied,39
09:17:00,reversed,3
09:18:00,approved,295
09:18:00,reversed,1
09:18:00,denied,28
09:18:00,refunded,1
09:19:00,approved,289
09:19:00,reversed,1
09:19:00,denied,32
09:20:00,backend_reversed,1
09:20:00,approved,301
09:20:00,reversed,2
09:20:00,denied,30
09:21:00,denied,26
09:21:00,approved,313
09:21:00,reversed,3
09:21:00,refunded,1
09:22:00,backend_reversed,1
09:22:00,approved,319
09:22:00,reversed,1
09:22:00,denied,41
09:23:00,reversed,2
09:23:00,approved,307
09:23:00,refunded,1
09:23:00,denied,31
09:24:00,denied,22
09:24:00,approved,323
09:24:00,reversed,1
09:25:00,backend_reversed,1
09:25:00,approved,333
09:25:00,denied,29
09:26:00,refunded,1
09:26:00,approved,324
09:26:00,denied,39
09:26:00,reversed,3
09:27:00,approved,332
09:27:00,backend_reversed,1
09:27:00,refunded,1
09:27:00,reversed,3
09:27:00,denied,39
09:28:00,approved,339
09:28:00,refunded,2
09:28:00,reversed,4
09:28:00,denied,38
09:28:00,backend_reversed,1
09:29:00,approved,288
09:29:00,denied,36
09:29:00,backend_reversed,4
09:29:00,reversed,1
09:30:00,approved,323
09:30:00,reversed,4
09:30:00,denied,34
09:31:00,reversed,4
09:31:00,denied,36
09:31:00,backend_reversed,1
09:31:00,approved,312
09:32:00,reversed,2
09:32:00,denied,26
09:32:00,refunded,1
09:32:00,approved,295
09:33:00,denied,29
09:33:00,reversed,1
09:33:00,approved,315
09:34:00,approved,333
09:34:00,denied,39
09:34:00,reversed,1
09:35:00,reversed,5
09:35:00,approved,322
09:35:00,refunded,1
09:35:00,denied,30
09:36:00,reversed,4
09:36:00,approved,304
09:36:00,denied,34
09:36:00,refunded,3
09:37:00,denied,36
09:37:00,reversed,2
09:37:00,approved,310
09:37:00,refunded,1
09:38:00,approved,312
09:38:00,reversed,5
09:38:00,denied,32
09:39:00,approved,312
09:39:00,refunded,1
09:39:00,denied,31
09:39:00,backend_reversed,1
09:40:00,approved,340
09:40:00,denied,28
09:40:00,reversed,4
09:40:00,backend_reversed,2
09:40:00,refunded,4
09:41:00,refunded,1
09:41:00,approved,307
09:41:00,denied,32
09:41:00,reversed,2
09:42:00,approved,316
09:42:00,denied,38
09:42:00,refunded,1
09:42:00,reversed,4
09:42:00,backend_reversed,2
09:43:00,denied,35
09:43:00,refunded,1
09:43:00,reversed,1
09:43:00,backend_reversed,2
09:43:00,approved,315
09:44:00,backend_reversed,1
09:44:00,approved,322
09:44:00,denied,36
09:44:00,refunded,1
09:44:00,reversed,1
09:45:00,approved,342
09:45:00,reversed,1
09:45:00,denied,38
09:45:00,refunded,1
09:45:00,backend_reversed,1
09:46:00,denied,41
09:46:00,approved,321
09:46:00,reversed,4
09:46:00,refunded,2
09:47:00,denied,33
09:47:00,reversed,3
09:47:00,approved,350
09:47:00,backend_reversed,2
09:48:00,approved,340
09:48:00,denied,30
09:48:00,reversed,2
09:48:00,backend_reversed,1
09:48:00,refunded,3
09:49:00,reversed,3
09:49:00,approved,350
09:49:00,denied,33
09:50:00,backend_reversed,1
09:50:00,denied,36
09:50:00,approved,328
09:50:00,reversed,2
09:51:00,denied,39
09:51:00,reversed,1
09:51:00,approved,317
09:51:00,refunded,1
09:51:00,backend_reversed,1
09:52:00,reversed,3
09:52:00,denied,29
09:52:00,refunded,1
09:52:00,approved,324
09:53:00,backend_reversed,1
09:53:00,approved,362
09:53:00,denied,26
09:54:00,reversed,2
09:54:00,denied,37
09:54:00,approved,362
09:54:00,backend_reversed,2
09:55:00,refunded,1
09:55:00,backend_reversed,1
09:55:00,approved,336
09:55:00,denied,45
09:56:00,approved,350
09:56:00,refunded,2
09:56:00,denied,46
09:56:00,reversed,5
09:56:00,backend_reversed,3
09:57:00,backend_reversed,3
09:57:00,approved,351
09:57:00,reversed,3
09:57:00,denied,48
09:58:00,denied,35
09:58:00,approved,327
09:58:00,backend_reversed,1
09:58:00,reversed,2
09:59:00,backend_reversed,1
09:59:00,approved,326
09:59:00,reversed,1
09:59:00,denied,35
10:00:00,reversed,2
10:00:00,denied,35
10:00:00,backend_reversed,2
10:00:00,approved,363
10:01:00,refunded,2
10:01:00,approved,372
10:01:00,reversed,2
10:01:00,denied,36
10:02:00,approved,363
10:02:00,reversed,2
10:02:00,refunded,1
10:02:00,denied,33
10:02:00,backend_reversed,2
10:03:00,backend_reversed,2
10:03:00,approved,360
10:03:00,denied,30
10:03:00,reversed,4
10:04:00,denied,39
10:04:00,approved,336
10:04:00,reversed,3
10:05:00,denied,29
10:05:00,reversed,4
10:05:00,approved,335
10:05:00,backend_reversed,2
10:05:00,refunded,1
10:06:00,denied,36
10:06:00,backend_reversed,2
10:06:00,approved,337
10:07:00,approved,351
10:07:00,denied,31
10:07:00,refunded,1
10:07:00,backend_reversed,1
10:08:00,backend_reversed,3
10:08:00,refunded,1
10:08:00,approved,360
10:08:00,denied,29
10:08:00,reversed,3
10:09:00,approved,357
10:09:00,denied,27
10:09:00,reversed,5
10:10:00,approved,348
10:10:00,denied,49
10:10:00,reversed,2
10:10:00,backend_reversed,1
10:11:00,denied,36
10:11:00,backend_reversed,2
10:11:00,approved,382
10:11:00,reversed,2
10:11:00,refunded,2
10:12:00,approved,348
10:12:00,denied,30
10:12:00,reversed,4
10:12:00,backend_reversed,1
10:13:00,approved,346
10:13:00,denied,45
10:13:00,reversed,3
10:13:00,backend_reversed,2
10:14:00,refunded,2
10:14:00,approved,326
10:14:00,denied,42
10:15:00,reversed,1
10:15:00,approved,322
10:15:00,denied,36
10:16:00,approved,379
10:16:00,denied,35
10:16:00,reversed,1
10:17:00,approved,342
10:17:00,reversed,3
10:17:00,denied,34
10:18:00,reversed,3
10:18:00,approved,347
10:18:00,denied,30
10:19:00,reversed,2
10:19:00,approved,343
10:19:00,denied,44
10:20:00,refunded,1
10:20:00,approved,324
10:20:00,denied,46
10:21:00,refunded,1
10:21:00,approved,332
10:21:00,denied,29
10:21:00,reversed,1
10:21:00,backend_reversed,1
10:22:00,approved,335
10:22:00,backend_reversed,1
10:22:00,denied,33
10:23:00,denied,23
10:23:00,reversed,3
10:23:00,backend_reversed,1
10:23:00,approved,344
10:24:00,denied,40
10:24:00,refunded,1
10:24:00,approved,349
10:24:00,reversed,1
10:25:00,approved,348
10:25:00,reversed,4
10:25:00,denied,31
10:26:00,approved,356
10:26:00,backend_reversed,2
10:26:00,denied,38
10:26:00,reversed,2
10:27:00,denied,38
10:27:00,backend_reversed,1
10:27:00,reversed,1
10:27:00,approved,337
10:28:00,reversed,3
10:28:00,backend_reversed,1
10:28:00,denied,35
10:28:00,approved,365
10:29:00,backend_reversed,1
10:29:00,approved,384
10:29:00,denied,45
10:30:00,approved,365
10:30:00,denied,41
10:30:00,reversed,2
10:31:00,denied,30
10:31:00,reversed,3
10:31:00,backend_reversed,1
10:31:00,approved,373
10:31:00,failed,1
10:32:00,denied,35
10:32:00,reversed,2
10:32:00,approved,365
10:32:00,refunded,2
10:33:00,reversed,2
10:33:00,approved,335
10:33:00,denied,47
10:34:00,denied,28
10:34:00,approved,351
10:34:00,reversed,1
10:34:00,backend_reversed,1
10:35:00,approved,379
10:35:00,reversed,1
10:35:00,denied,36
10:35:00,refunded,2
10:36:00,backend_reversed,2
10:36:00,denied,30
10:36:00,approved,365
10:36:00,reversed,2
10:37:00,approved,339
10:37:00,reversed,3
10:37:00,backend_reversed,2
10:37:00,refunded,2
10:37:00,denied,38
10:38:00,refunded,1
10:38:00,failed,1
10:38:00,approved,351
10:38:00,denied,41
10:38:00,reversed,4
10:39:00,approved,339
10:39:00,denied,51
10:39:00,reversed,1
10:40:00,approved,375
10:40:00,reversed,4
10:40:00,backend_reversed,1
10:40:00,denied,29
10:41:00,reversed,1
10:41:00,approved,352
10:41:00,backend_reversed,1
10:41:00,denied,34
10:42:00,denied,37
10:42:00,approved,343
10:42:00,refunded,2
10:42:00,reversed,3
10:43:00,reversed,2
10:43:00,approved,335
10:43:00,denied,31
10:44:00,backend_reversed,1
10:44:00,approved,338
10:44:00,denied,34
10:44:00,reversed,3
10:45:00,reversed,1
10:45:00,approved,375
10:45:00,refunded,1
10:45:00,denied,35
10:45:00,backend_reversed,1
10:46:00,refunded,1
10:46:00,denied,39
10:46:00,reversed,4
10:46:00,approved,398
10:47:00,denied,35
10:47:00,backend_reversed,2
10:47:00,approved,345
10:48:00,approved,364
10:48:00,refunded,1
10:48:00,backend_reversed,2
10:48:00,denied,46
10:49:00,backend_reversed,2
10:49:00,denied,51
10:49:00,refunded,1
10:49:00,approved,385
10:49:00,reversed,2
10:50:00,denied,28
10:50:00,approved,373
10:50:00,backend_reversed,2
10:50:00,reversed,1
10:51:00,denied,46
10:51:00,reversed,1
10:51:00,approved,383
10:52:00,approved,380
10:52:00,backend_reversed,3
10:52:00,reversed,1
10:52:00,denied,34
10:53:00,approved,365
10:53:00,denied,48
10:54:00,denied,34
10:54:00,approved,391
10:54:00,backend_reversed,4
10:54:00,reversed,2
10:55:00,approved,369
10:55:00,denied,35
10:55:00,reversed,1
10:55:00,backend_reversed,3
10:56:00,approved,362
10:56:00,denied,38
10:56:00,backend_reversed,1
10:56:00,reversed,3
10:57:00,reversed,4
10:57:00,denied,47
10:57:00,backend_reversed,1
10:57:00,approved,339
10:58:00,reversed,1
10:58:00,approved,355
10:58:00,refunded,1
10:58:00,denied,36
10:58:00,backend_reversed,1
10:59:00,reversed,2
10:59:00,backend_reversed,1
10:59:00,approved,381
10:59:00,denied,39
10:59:00,refunded,1
11:00:00,denied,34
11:00:00,backend_reversed,1
11:00:00,approved,375
11:00:00,reversed,2
11:01:00,approved,373
11:01:00,denied,41
11:01:00,reversed,3
11:02:00,denied,28
11:02:00,approved,354
11:02:00,backend_reversed,4
11:03:00,backend_reversed,1
11:03:00,approved,354
11:03:00,denied,34
11:03:00,reversed,1
11:04:00,denied,48
11:04:00,reversed,1
11:04:00,approved,396
11:04:00,refunded,2
11:05:00,reversed,4
11:05:00,approved,396
11:05:00,denied,36
11:06:00,denied,34
11:06:00,reversed,1
11:06:00,approved,364
11:06:00,refunded,1
11:07:00,denied,42
11:07:00,reversed,4
11:07:00,approved,348
11:07:00,refunded,2
11:08:00,approved,356
11:08:00,denied,31
11:08:00,refunded,3
11:08:00,reversed,3
11:09:00,approved,379
11:09:00,backend_reversed,1
11:09:00,denied,28
11:09:00,reversed,5
11:10:00,approved,355
11:10:00,denied,32
11:10:00,backend_reversed,1
11:11:00,denied,37
11:11:00,approved,378
11:11:00,backend_reversed,1
11:11:00,refunded,1
11:12:00,denied,35
11:12:00,backend_reversed,1
11:12:00,approved,356
11:12:00,refunded,3
11:13:00,approved,382
11:13:00,denied,26
11:13:00,backend_reversed,1
11:13:00,reversed,1
11:14:00,reversed,2
11:14:00,denied,34
11:14:00,approved,353
11:15:00,denied,43
11:15:00,refunded,2
11:15:00,reversed,3
11:15:00,approved,382
11:16:00,backend_reversed,1
11:16:00,denied,34
11:16:00,approved,330
11:16:00,reversed,2
11:17:00,reversed,2
11:17:00,approved,376
11:17:00,denied,38
11:18:00,refunded,1
11:18:00,denied,34
11:18:00,approved,324
11:18:00,reversed,4
11:19:00,backend_reversed,1
11:19:00,approved,373
11:19:00,denied,39
11:19:00,reversed,1
11:20:00,approved,377
11:20:00,denied,22
11:20:00,refunded,1
11:21:00,approved,356
11:21:00,denied,35
11:21:00,reversed,1
11:22:00,approved,377
11:22:00,denied,37
11:22:00,refunded,1
11:23:00,denied,33
11:23:00,approved,367
11:23:00,reversed,1
11:24:00,approved,371
11:24:00,reversed,3
11:24:00,refunded,1
11:24:00,denied,26
11:25:00,reversed,3
11:25:00,denied,30
11:25:00,approved,391
11:25:00,refunded,2
11:25:00,backend_reversed,1
11:26:00,approved,382
11:26:00,denied,35
11:26:00,reversed,3
11:27:00,approved,380
11:27:00,denied,52
11:27:00,refunded,1
11:27:00,reversed,2
11:28:00,backend_reversed,1
11:28:00,denied,40
11:28:00,approved,349
11:28:00,reversed,3
11:28:00,refunded,1
11:29:00,approved,346
11:29:00,denied,35
11:30:00,denied,34
11:30:00,reversed,1
11:30:00,approved,377
11:31:00,approved,368
11:31:00,reversed,3
11:31:00,denied,35
11:32:00,reversed,3
11:32:00,approved,351
11:32:00,denied,29
11:32:00,backend_reversed,1
11:33:00,approved,358
11:33:00,refunded,1
11:33:00,denied,18
11:33:00,reversed,1
11:34:00,reversed,1
11:34:00,refunded,1
11:34:00,denied,40
11:34:00,approved,327
11:35:00,denied,38
11:35:00,reversed,3
11:35:00,approved,355
11:36:00,denied,31
11:36:00,approved,392
11:36:00,reversed,5
11:36:00,refunded,2
11:37:00,reversed,2
11:37:00,backend_reversed,1
11:37:00,approved,379
11:37:00,denied,36
11:37:00,refunded,1
11:38:00,approved,407
11:38:00,denied,33
11:39:00,approved,371
11:39:00,denied,29
11:39:00,reversed,2
11:40:00,approved,397
11:40:00,denied,33
11:40:00,backend_reversed,2
11:40:00,reversed,2
11:41:00,denied,28
11:41:00,reversed,1
11:41:00,approved,349
11:42:00,approved,382
11:42:00,denied,34
11:42:00,reversed,3
11:43:00,approved,370
11:43:00,denied,48
11:43:00,reversed,3
11:44:00,denied,36
11:44:00,reversed,1
11:44:00,approved,384
11:45:00,reversed,2
11:45:00,approved,358
11:45:00,denied,33
11:46:00,approved,366
11:46:00,reversed,1
11:46:00,denied,41
11:46:00,refunded,3
11:47:00,approved,375
11:47:00,denied,45
11:47:00,reversed,1
11:48:00,backend_reversed,1
11:48:00,approved,364
11:48:00,refunded,1
11:48:00,denied,34
11:49:00,reversed,3
11:49:00,approved,378
11:49:00,denied,38
11:50:00,denied,34
11:50:00,approved,390
11:50:00,reversed,1
11:50:00,backend_reversed,2
11:50:00,refunded,1
11:51:00,backend_reversed,1
11:51:00,denied,38
11:51:00,approved,347
11:51:00,reversed,2
11:52:00,approved,391
11:52:00,denied,43
11:52:00,reversed,1
11:53:00,reversed,2
11:53:00,approved,366
11:53:00,denied,45
11:54:00,reversed,1
11:54:00,denied,38
11:54:00,refunded,1
11:54:00,approved,293
11:55:00,approved,354
11:55:00,denied,36
11:55:00,reversed,2
11:56:00,denied,36
11:56:00,approved,337
11:56:00,reversed,5
11:57:00,denied,28
11:57:00,approved,337
11:57:00,reversed,1
11:58:00,reversed,2
11:58:00,refunded,1
11:58:00,approved,333
11:58:00,denied,33
11:59:00,denied,19
11:59:00,reversed,1
11:59:00,approved,330
12:00:00,approved,339
12:00:00,denied,24
12:00:00,failed,1
12:00:00,reversed,1
12:01:00,approved,332
12:01:00,refunded,1
12:01:00,backend_reversed,1
12:01:00,reversed,1
12:01:00,denied,27
12:02:00,approved,365
12:02:00,denied,39
12:02:00,reversed,1
12:02:00,backend_reversed,1
12:03:00,denied,38
12:03:00,approved,354
12:04:00,approved,335
12:04:00,backend_reversed,1
12:04:00,denied,31
12:05:00,denied,36
12:05:00,approved,354
12:05:00,reversed,2
12:06:00,denied,19
12:06:00,approved,337
12:06:00,refunded,1
12:06:00,reversed,2
12:07:00,denied,33
12:07:00,backend_reversed,1
12:07:00,approved,311
12:08:00,approved,334
12:08:00,reversed,2
12:08:00,denied,42
12:09:00,approved,359
12:09:00,denied,27
12:09:00,reversed,2
12:10:00,approved,302
12:10:00,reversed,1
12:10:00,denied,45
12:11:00,approved,325
12:11:00,denied,25
12:11:00,reversed,5
12:12:00,approved,312
12:12:00,denied,30
12:12:00,reversed,2
12:13:00,denied,24
12:13:00,approved,336
12:13:00,backend_reversed,1
12:14:00,approved,303
12:14:00,reversed,5
12:14:00,denied,34
12:14:00,backend_reversed,1
12:15:00,denied,21
12:15:00,approved,321
12:15:00,reversed,1
12:16:00,denied,30
12:16:00,reversed,1
12:16:00,backend_reversed,1
12:16:00,approved,307
12:16:00,refunded,1
12:17:00,approved,307
12:17:00,denied,38
12:18:00,denied,25
12:18:00,approved,308
12:19:00,reversed,2
12:19:00,refunded,1
12:19:00,approved,342
12:19:00,denied,35
12:20:00,approved,322
12:20:00,denied,32
12:21:00,approved,291
12:21:00,reversed,1
12:21:00,refunded,1
12:21:00,denied,26
12:21:00,backend_reversed,2
12:22:00,backend_reversed,1
12:22:00,reversed,1
12:22:00,approved,300
12:22:00,denied,27
12:23:00,denied,38
12:23:00,approved,280
12:24:00,approved,306
12:24:00,denied,23
12:24:00,reversed,1
12:24:00,backend_reversed,2
12:25:00,refunded,1
12:25:00,denied,27
12:25:00,approved,314
12:25:00,reversed,1
12:26:00,reversed,1
12:26:00,approved,314
12:26:00,denied,20
12:27:00,denied,19
12:27:00,refunded,1
12:27:00,approved,270
12:27:00,reversed,1
12:28:00,failed,1
12:28:00,reversed,2
12:28:00,denied,28
12:28:00,approved,287
12:29:00,approved,291
12:29:00,denied,24
12:29:00,refunded,2
12:29:00,reversed,2
12:30:00,approved,293
12:30:00,backend_reversed,1
12:30:00,refunded,1
12:30:00,denied,31
12:31:00,reversed,1
12:31:00,approved,310
12:31:00,denied,21
12:32:00,reversed,2
12:32:00,refunded,1
12:32:00,denied,36
12:32:00,approved,272
12:33:00,approved,263
12:33:00,denied,20
12:33:00,reversed,1
12:34:00,approved,310
12:34:00,denied,25
12:34:00,refunded,1
12:35:00,backend_reversed,4
12:35:00,approved,292
12:35:00,refunded,1
12:35:00,reversed,2
12:35:00,denied,29
12:36:00,reversed,1
12:36:00,denied,21
12:36:00,approved,300
12:36:00,backend_reversed,2
12:37:00,approved,262
12:37:00,denied,21
12:37:00,reversed,1
12:37:00,backend_reversed,1
12:38:00,backend_reversed,1
12:38:00,denied,31
12:38:00,refunded,1
12:38:00,reversed,3
12:38:00,approved,273
12:39:00,denied,22
12:39:00,approved,269
12:39:00,reversed,1
12:40:00,approved,259
12:40:00,denied,22
12:40:00,refunded,1
12:40:00,reversed,2
12:41:00,approved,288
12:41:00,reversed,2
12:41:00,denied,20
12:41:00,backend_reversed,1
12:42:00,approved,278
12:42:00,denied,27
12:42:00,refunded,2
12:42:00,backend_reversed,1
12:43:00,reversed,4
12:43:00,approved,280
12:43:00,denied,18
12:44:00,approved,276
12:44:00,reversed,1
12:44:00,denied,32
12:45:00,approved,264
12:45:00,reversed,1
12:45:00,denied,30
12:46:00,denied,32
12:46:00,approved,277
12:46:00,reversed,1
12:47:00,approved,273
12:47:00,failed,1
12:47:00,denied,29
12:48:00,refunded,1
12:48:00,reversed,2
12:48:00,denied,12
12:48:00,approved,277
12:49:00,approved,293
12:49:00,reversed,1
12:49:00,denied,24
12:50:00,approved,285
12:50:00,denied,29
12:50:00,reversed,2
12:51:00,denied,24
12:51:00,approved,274
12:51:00,reversed,3
12:52:00,reversed,3
12:52:00,denied,25
12:52:00,approved,305
12:53:00,approved,316
12:53:00,reversed,1
12:53:00,denied,27
12:53:00,backend_reversed,1
12:54:00,denied,39
12:54:00,refunded,1
12:54:00,approved,278
12:54:00,reversed,1
12:55:00,denied,35
12:55:00,approved,233
12:55:00,reversed,2
12:56:00,denied,28
12:56:00,reversed,3
12:56:00,approved,286
12:56:00,backend_reversed,1
12:57:00,reversed,1
12:57:00,backend_reversed,1
12:57:00,denied,28
12:57:00,approved,259
12:58:00,denied,27
12:58:00,backend_reversed,1
12:58:00,approved,308
12:58:00,reversed,6
12:59:00,backend_reversed,4
12:59:00,denied,28
12:59:00,approved,293
13:00:00,denied,25
13:00:00,reversed,3
13:00:00,refunded,1
13:00:00,backend_reversed,3
13:00:00,approved,294
13:01:00,approved,280
13:01:00,backend_reversed,2
13:01:00,denied,23
13:01:00,reversed,2
13:02:00,approved,296
13:02:00,backend_reversed,4
13:02:00,refunded,1
13:02:00,denied,26
13:03:00,denied,31
13:03:00,backend_reversed,2
13:03:00,approved,283
13:03:00,reversed,1
13:04:00,approved,305
13:04:00,backend_reversed,2
13:04:00,denied,19
13:05:00,approved,292
13:05:00,reversed,1
13:05:00,denied,21
13:06:00,reversed,1
13:06:00,denied,27
13:06:00,approved,271
13:07:00,approved,280
13:07:00,reversed,1
13:07:00,denied,23
13:08:00,approved,291
13:08:00,denied,23
13:08:00,reversed,2
13:09:00,approved,263
13:09:00,denied,37
13:09:00,reversed,3
13:10:00,approved,292
13:10:00,reversed,1
13:10:00,failed,1
13:10:00,refunded,1
13:10:00,denied,29
13:11:00,denied,25
13:11:00,reversed,4
13:11:00,approved,303
13:12:00,approved,242
13:12:00,reversed,5
13:12:00,denied,30
13:12:00,refunded,1
13:13:00,denied,27
13:13:00,reversed,1
13:13:00,backend_reversed,1
13:13:00,approved,283
13:14:00,denied,24
13:14:00,refunded,2
13:14:00,approved,271
13:14:00,reversed,1
13:15:00,approved,292
13:15:00,reversed,3
13:15:00,denied,27
13:15:00,refunded,1
13:16:00,approved,308
13:16:00,denied,31
13:16:00,refunded,1
13:17:00,reversed,1
13:17:00,denied,34
13:17:00,approved,310
13:18:00,approved,259
13:18:00,denied,39
13:19:00,denied,37
13:19:00,approved,286
13:19:00,reversed,5
13:20:00,approved,300
13:20:00,denied,25
13:20:00,backend_reversed,1
13:20:00,reversed,2
13:21:00,reversed,3
13:21:00,denied,29
13:21:00,approved,274
13:22:00,denied,39
13:22:00,approved,303
13:22:00,reversed,2
13:23:00,approved,256
13:23:00,denied,19
13:24:00,refunded,2
13:24:00,approved,283
13:24:00,denied,26
13:24:00,reversed,2
13:25:00,approved,307
13:25:00,denied,33
13:25:00,reversed,1
13:25:00,refunded,1
13:26:00,backend_reversed,1
13:26:00,approved,282
13:26:00,denied,33
13:26:00,refunded,2
13:27:00,approved,274
13:27:00,denied,35
13:28:00,approved,309
13:28:00,denied,37
13:28:00,reversed,2
13:28:00,refunded,1
13:29:00,denied,28
13:29:00,approved,271
13:29:00,reversed,1
13:30:00,approved,303
13:30:00,refunded,1
13:30:00,denied,23
13:31:00,approved,282
13:31:00,denied,20
13:32:00,approved,281
13:32:00,reversed,1
13:32:00,denied,21
13:32:00,refunded,1
13:33:00,approved,283
13:33:00,denied,29
13:33:00,refunded,1
13:33:00,backend_reversed,1
13:34:00,denied,22
13:34:00,approved,302
13:34:00,backend_reversed,1
13:34:00,reversed,1
13:35:00,approved,252
13:35:00,denied,28
13:36:00,backend_reversed,1
13:36:00,reversed,1
13:36:00,approved,285
13:36:00,denied,26
13:37:00,approved,290
13:37:00,denied,28
13:38:00,approved,289
13:38:00,reversed,1
13:38:00,denied,23
13:39:00,denied,23
13:39:00,approved,274
13:40:00,approved,295
13:40:00,reversed,2
13:40:00,denied,33
13:41:00,approved,306
13:41:00,reversed,1
13:41:00,denied,39
13:42:00,reversed,3
13:42:00,denied,28
13:42:00,approved,283
13:43:00,reversed,3
13:43:00,refunded,1
13:43:00,denied,26
13:43:00,approved,296
13:44:00,denied,30
13:44:00,reversed,1
13:44:00,approved,307
13:45:00,denied,29
13:45:00,approved,306
13:45:00,reversed,1
13:46:00,denied,30
13:46:00,refunded,1
13:46:00,approved,296
13:47:00,denied,32
13:47:00,approved,280
13:47:00,refunded,1
13:47:00,reversed,1
13:48:00,reversed,2
13:48:00,approved,288
13:48:00,denied,34
13:49:00,approved,301
13:49:00,denied,30
13:50:00,refunded,2
13:50:00,approved,266
13:50:00,denied,21
13:51:00,approved,300
13:51:00,denied,30
13:51:00,reversed,1
13:52:00,refunded,2
13:52:00,denied,30
13:52:00,approved,274
13:52:00,reversed,1
13:53:00,approved,285
13:53:00,denied,24
13:53:00,reversed,1
13:54:00,denied,33
13:54:00,approved,292
13:55:00,refunded,1
13:55:00,approved,279
13:55:00,denied,25
13:55:00,reversed,1
13:56:00,reversed,3
13:56:00,denied,30
13:56:00,approved,266
13:56:00,backend_reversed,1
13:56:00,refunded,1
13:57:00,approved,301
13:57:00,denied,35
13:57:00,backend_reversed,1
13:58:00,refunded,4
13:58:00,reversed,2
13:58:00,backend_reversed,1
13:58:00,denied,31
13:58:00,approved,307
13:59:00,denied,26
13:59:00,backend_reversed,2
13:59:00,refunded,1
13:59:00,approved,300
14:00:00,approved,289
14:00:00,denied,22
14:00:00,reversed,1
14:01:00,denied,33
14:01:00,approved,310
14:01:00,refunded,2
14:01:00,reversed,1
14:02:00,denied,25
14:02:00,reversed,1
14:02:00,approved,269
14:03:00,reversed,1
14:03:00,refunded,1
14:03:00,backend_reversed,1
14:03:00,denied,24
14:03:00,approved,317
14:04:00,denied,24
14:04:00,approved,295
14:04:00,reversed,2
14:05:00,approved,308
14:05:00,denied,34
14:06:00,approved,297
14:06:00,denied,21
14:06:00,refunded,1
14:07:00,denied,27
14:07:00,reversed,1
14:07:00,approved,316
14:07:00,refunded,1
14:08:00,denied,33
14:08:00,approved,267
14:08:00,reversed,1
14:09:00,approved,299
14:09:00,denied,26
14:09:00,refunded,1
14:09:00,reversed,2
14:10:00,reversed,1
14:10:00,approved,292
14:10:00,denied,28
14:11:00,approved,323
14:11:00,denied,24
14:11:00,reversed,1
14:11:00,refunded,2
14:12:00,denied,39
14:12:00,approved,323
14:13:00,approved,285
14:13:00,refunded,3
14:13:00,denied,26
14:14:00,denied,24
14:14:00,approved,310
14:14:00,reversed,3
14:14:00,refunded,1
14:15:00,approved,318
14:15:00,refunded,1
14:15:00,reversed,2
14:15:00,denied,34
14:16:00,reversed,2
14:16:00,denied,38
14:16:00,approved,311
14:17:00,denied,27
14:17:00,refunded,1
14:17:00,approved,298
14:17:00,reversed,2
14:18:00,approved,341
14:18:00,reversed,1
14:18:00,denied,41
14:19:00,reversed,1
14:19:00,refunded,2
14:19:00,denied,27
14:19:00,approved,328
14:20:00,approved,339
14:20:00,denied,31
14:20:00,refunded,2
14:20:00,reversed,1
14:21:00,approved,322
14:21:00,denied,29
14:21:00,reversed,2
14:22:00,denied,29
14:22:00,approved,340
14:23:00,approved,336
14:23:00,denied,36
14:23:00,reversed,2
14:24:00,approved,325
14:24:00,denied,32
14:24:00,reversed,1
14:25:00,denied,36
14:25:00,reversed,1
14:25:00,failed,1
14:25:00,approved,342
14:26:00,approved,310
14:26:00,reversed,1
14:26:00,refunded,1
14:26:00,denied,28
14:27:00,denied,31
14:27:00,refunded,1
14:27:00,approved,340
14:27:00,backend_reversed,1
14:28:00,reversed,5
14:28:00,approved,335
14:28:00,denied,37
14:28:00,refunded,2
14:29:00,approved,346
14:29:00,denied,34
14:29:00,backend_reversed,1
14:29:00,reversed,1
14:30:00,denied,41
14:30:00,backend_reversed,2
14:30:00,reversed,6
14:30:00,approved,327
14:30:00,processing,1
14:31:00,processing,5
14:31:00,backend_reversed,2
14:31:00,approved,125
14:31:00,denied,11
14:32:00,processing,1
14:33:00,processing,8
14:33:00,refunded,1
14:33:00,backend_reversed,3
14:33:00,approved,62
14:33:00,denied,18
14:33:00,reversed,122
14:34:00,refunded,2
14:34:00,reversed,148
14:34:00,backend_reversed,3
14:34:00,denied,19
14:34:00,approved,102
14:34:00,processing,10
14:35:00,reversed,206
14:35:00,processing,1
14:35:00,approved,381
14:35:00,backend_reversed,7
14:35:00,refunded,4
14:35:00,denied,73
14:36:00,processing,5
14:36:00,denied,44
14:36:00,reversed,71
14:36:00,approved,186
14:36:00,refunded,4
14:36:00,backend_reversed,5
14:36:00,failed,1
14:37:00,reversed,61
14:37:00,denied,8
14:37:00,processing,11
14:37:00,approved,48
14:37:00,backend_reversed,4
14:38:00,refunded,3
14:38:00,backend_reversed,5
14:38:00,processing,12
14:38:00,reversed,122
14:38:00,approved,211
14:38:00,denied,57
14:39:00,backend_reversed,2
14:39:00,approved,273
14:39:00,reversed,121
14:39:00,denied,39
14:39:00,processing,1
14:39:00,refunded,7
14:40:00,denied,2
14:40:00,approved,17
14:40:00,processing,8
14:40:00,backend_reversed,4
14:40:00,reversed,31
14:41:00,processing,7
14:41:00,backend_reversed,1
14:41:00,denied,62
14:41:00,reversed,180
14:41:00,refunded,2
14:41:00,approved,248
14:42:00,denied,87
14:42:00,refunded,13
14:42:00,backend_reversed,3
14:42:00,approved,434
14:42:00,reversed,193
14:43:00,reversed,109
14:43:00,approved,782
14:43:00,backend_reversed,7
14:43:00,denied,98
14:43:00,refunded,11
14:44:00,approved,305
14:44:00,processing,14
14:44:00,denied,54
14:44:00,failed,1
14:44:00,reversed,82
14:44:00,refunded,1
14:44:00,backend_reversed,6
14:45:00,refunded,3
14:45:00,backend_reversed,1
14:45:00,reversed,116
14:45:00,approved,136
14:45:00,processing,2
14:45:00,denied,39
14:46:00,refunded,5
14:46:00,failed,3
14:46:00,backend_reversed,13
14:46:00,processing,2
14:46:00,approved,456
14:46:00,reversed,139
14:46:00,denied,129
14:47:00,refunded,4
14:47:00,backend_reversed,4
14:47:00,denied,82
14:47:00,approved,369
14:47:00,processing,10
14:47:00,reversed,63
14:48:00,approved,342
14:48:00,reversed,65
14:48:00,backend_reversed,9
14:48:00,denied,52
14:48:00,processing,8
14:49:00,denied,84
14:49:00,backend_reversed,8
14:49:00,refunded,5
14:49:00,approved,107
14:49:00,reversed,174
14:49:00,failed,2
14:50:00,denied,42
14:50:00,backend_reversed,10
14:50:00,refunded,3
14:50:00,approved,239
14:50:00,failed,2
14:50:00,reversed,69
14:50:00,processing,15
14:51:00,approved,257
14:51:00,backend_reversed,10
14:51:00,processing,8
14:51:00,failed,1
14:51:00,reversed,159
14:51:00,denied,50
14:52:00,denied,94
14:52:00,reversed,109
14:52:00,refunded,5
14:52:00,processing,8
14:52:00,failed,1
14:52:00,approved,558
14:52:00,backend_reversed,6
14:53:00,refunded,3
14:53:00,backend_reversed,6
14:53:00,denied,35
14:53:00,failed,1
14:53:00,reversed,66
14:53:00,approved,243
14:53:00,processing,8
14:54:00,approved,14
14:54:00,denied,2
14:54:00,backend_reversed,4
14:54:00,reversed,36
14:54:00,processing,23
14:56:00,denied,97
14:56:00,reversed,172
14:56:00,refunded,7
14:56:00,backend_reversed,21
14:56:00,approved,332
14:56:00,processing,3
14:56:00,failed,3
14:57:00,approved,162
14:57:00,backend_reversed,11
14:57:00,denied,33
14:57:00,processing,13
14:57:00,failed,2
14:57:00,reversed,57
14:57:00,refunded,2
14:58:00,reversed,179
14:58:00,failed,1
14:58:00,approved,171
14:58:00,denied,82
14:58:00,refunded,5
14:58:00,backend_reversed,8
14:58:00,processing,2
14:59:00,approved,266
14:59:00,reversed,124
14:59:00,processing,12
14:59:00,denied,47
14:59:00,backend_reversed,2
14:59:00,refunded,3
15:00:00,reversed,83
15:00:00,processing,2
15:00:00,backend_reversed,2
15:00:00,refunded,1
15:00:00,approved,216
15:00:00,denied,22
15:01:00,reversed,95
15:01:00,approved,224
15:01:00,processing,6
15:01:00,backend_reversed,6
15:01:00,denied,36
15:01:00,refunded,2
15:02:00,refunded,3
15:02:00,failed,1
15:02:00,backend_reversed,13
15:02:00,approved,200
15:02:00,denied,73
15:02:00,processing,8
15:02:00,reversed,119
15:03:00,approved,343
15:03:00,backend_reversed,6
15:03:00,processing,2
15:03:00,denied,71
15:03:00,failed,1
15:03:00,reversed,162
15:03:00,refunded,7
15:04:00,failed,1
15:04:00,processing,1
15:04:00,denied,97
15:04:00,refunded,11
15:04:00,approved,629
15:04:00,reversed,113
15:04:00,backend_reversed,4
15:05:00,reversed,79
15:05:00,approved,461
15:05:00,denied,76
15:05:00,backend_reversed,4
15:05:00,processing,8
15:05:00,refunded,3
15:06:00,refunded,6
15:06:00,approved,621
15:06:00,failed,1
15:06:00,denied,107
15:06:00,reversed,45
15:06:00,backend_reversed,3
15:07:00,approved,273
15:07:00,processing,8
15:07:00,backend_reversed,13
15:07:00,refunded,5
15:07:00,denied,68
15:07:00,reversed,30
15:07:00,failed,1
15:08:00,backend_reversed,2
15:08:00,reversed,55
15:08:00,processing,10
15:08:00,refunded,2
15:08:00,approved,175
15:08:00,denied,28
15:09:00,processing,5
15:09:00,reversed,40
15:09:00,approved,25
15:09:00,denied,19
15:09:00,backend_reversed,1
15:10:00,reversed,165
15:10:00,approved,168
15:10:00,backend_reversed,10
15:10:00,denied,76
15:10:00,processing,6
15:10:00,failed,1
15:10:00,refunded,1
15:11:00,failed,1
15:11:00,approved,418
15:11:00,denied,92
15:11:00,backend_reversed,10
15:11:00,processing,1
15:11:00,reversed,151
15:11:00,refunded,7
15:12:00,reversed,101
15:12:00,approved,533
15:12:00,denied,68
15:12:00,processing,9
15:12:00,backend_reversed,6
15:12:00,refunded,4
15:13:00,reversed,70
15:13:00,backend_reversed,11
15:13:00,processing,7
15:13:00,denied,61
15:13:00,refunded,1
15:13:00,failed,1
15:13:00,approved,218
15:14:00,processing,5
15:14:00,approved,114
15:14:00,refunded,3
15:14:00,reversed,72
15:14:00,denied,44
15:14:00,backend_reversed,8
15:15:00,refunded,3
15:15:00,approved,540
15:15:00,denied,99
15:15:00,processing,2
15:15:00,reversed,118
15:15:00,backend_reversed,10
15:16:00,denied,108
15:16:00,reversed,42
15:16:00,approved,618
15:16:00,backend_reversed,6
15:16:00,refunded,8
15:17:00,refunded,5
15:17:00,backend_reversed,7
15:17:00,reversed,44
15:17:00,denied,105
15:17:00,approved,468
15:17:00,processing,5
15:18:00,denied,11
15:18:00,processing,6
15:18:00,approved,52
15:18:00,failed,1
15:18:00,reversed,11
15:19:00,approved,336
15:19:00,denied,103
15:19:00,backend_reversed,19
15:19:00,reversed,200
15:19:00,refunded,5
15:19:00,processing,1
15:19:00,failed,1
15:20:00,reversed,96
15:20:00,refunded,2
15:20:00,approved,485
15:20:00,failed,2
15:20:00,processing,3
15:20:00,denied,113
15:20:00,backend_reversed,17
15:21:00,denied,92
15:21:00,backend_reversed,10
15:21:00,reversed,71
15:21:00,approved,558
15:21:00,processing,4
15:21:00,refunded,2
15:21:00,failed,3
15:22:00,approved,273
15:22:00,processing,5
15:22:00,refunded,1
15:22:00,denied,56
15:22:00,reversed,39
15:22:00,backend_reversed,7
15:22:00,failed,1
15:24:00,reversed,263
15:24:00,denied,101
15:24:00,approved,300
15:24:00,refunded,6
15:24:00,backend_reversed,12
15:24:00,failed,3
15:25:00,refunded,5
15:25:00,denied,53
15:25:00,reversed,113
15:25:00,approved,451
15:25:00,failed,1
15:26:00,denied,56
15:26:00,approved,452
15:26:00,refunded,3
15:26:00,processing,2
15:26:00,reversed,76
15:26:00,backend_reversed,5
15:27:00,approved,386
15:27:00,processing,7
15:27:00,failed,1
15:27:00,reversed,30
15:27:00,backend_reversed,5
15:27:00,denied,63
15:27:00,refunded,2
15:28:00,reversed,57
15:28:00,denied,62
15:28:00,processing,3
15:28:00,backend_reversed,7
15:28:00,refunded,2
15:28:00,approved,349
15:29:00,reversed,68
15:29:00,failed,3
15:29:00,backend_reversed,5
15:29:00,approved,577
15:29:00,denied,111
15:29:00,refunded,2
15:30:00,denied,67
15:30:00,reversed,26
15:30:00,refunded,2
15:30:00,backend_reversed,7
15:30:00,approved,459
15:31:00,backend_reversed,8
15:31:00,approved,399
15:31:00,processing,2
15:31:00,denied,56
15:31:00,refunded,4
15:31:00,reversed,11
15:31:00,failed,1
15:32:00,backend_reversed,4
15:32:00,processing,14
15:32:00,approved,358
15:32:00,failed,1
15:32:00,denied,56
15:32:00,reversed,15
15:32:00,refunded,2
15:34:00,denied,56
15:34:00,backend_reversed,11
15:34:00,failed,1
15:34:00,approved,198
15:34:00,reversed,275
15:34:00,processing,5
15:34:00,refunded,1
15:35:00,denied,60
15:35:00,reversed,119
15:35:00,approved,420
15:35:00,backend_reversed,1
15:35:00,processing,4
15:36:00,approved,97
15:36:00,processing,30
15:36:00,denied,18
15:36:00,backend_reversed,4
15:36:00,refunded,1
15:36:00,reversed,75
15:37:00,denied,53
15:37:00,approved,177
15:37:00,processing,7
15:37:00,reversed,139
15:37:00,refunded,1
15:37:00,backend_reversed,12
15:38:00,approved,141
15:38:00,refunded,3
15:38:00,reversed,52
15:38:00,denied,22
15:38:00,backend_reversed,7
15:38:00,processing,5
15:39:00,denied,42
15:39:00,reversed,144
15:39:00,approved,117
15:39:00,backend_reversed,6
15:39:00,refunded,6
15:40:00,reversed,83
15:40:00,approved,334
15:40:00,processing,5
15:40:00,failed,1
15:40:00,denied,52
15:40:00,backend_reversed,4
15:40:00,refunded,1
15:41:00,backend_reversed,6
15:41:00,refunded,6
15:41:00,approved,351
15:41:00,reversed,140
15:41:00,processing,4
15:41:00,denied,52
15:42:00,reversed,55
15:42:00,approved,166
15:42:00,refunded,4
15:42:00,denied,28
15:42:00,backend_reversed,5
15:42:00,processing,7
15:43:00,reversed,43
15:43:00,refunded,1
15:43:00,approved,41
15:43:00,processing,7
15:43:00,denied,23
15:43:00,backend_reversed,2
15:44:00,processing,3
15:44:00,refunded,5
15:44:00,backend_reversed,11
15:44:00,denied,71
15:44:00,approved,233
15:44:00,reversed,168
15:46:00,approved,4
15:46:00,backend_reversed,5
15:46:00,reversed,16
15:46:00,denied,2
15:47:00,refunded,3
15:47:00,processing,7
15:47:00,backend_reversed,7
15:47:00,denied,30
15:47:00,approved,200
15:47:00,reversed,69
15:48:00,reversed,91
15:48:00,denied,36
15:48:00,backend_reversed,1
15:48:00,failed,1
15:48:00,refunded,2
15:48:00,processing,1
15:48:00,approved,218
15:49:00,backend_reversed,2
15:49:00,refunded,1
15:49:00,approved,138
15:49:00,denied,23
15:49:00,processing,1
15:49:00,reversed,62
15:50:00,approved,312
15:50:00,denied,37
15:50:00,refunded,2
15:50:00,backend_reversed,1
15:50:00,reversed,127
15:51:00,reversed,129
15:51:00,approved,466
15:51:00,denied,48
15:51:00,refunded,10
15:51:00,backend_reversed,2
15:52:00,refunded,4
15:52:00,failed,1
15:52:00,approved,313
15:52:00,reversed,105
15:52:00,denied,55
15:52:00,processing,7
15:52:00,backend_reversed,7
15:53:00,reversed,104
15:53:00,backend_reversed,5
15:53:00,refunded,4
15:53:00,approved,724
15:53:00,denied,78
15:54:00,denied,86
15:54:00,approved,659
15:54:00,reversed,28
15:54:00,backend_reversed,7
15:54:00,refunded,9
15:55:00,processing,5
15:55:00,backend_reversed,4
15:55:00,refunded,1
15:55:00,approved,109
15:55:00,reversed,15
15:55:00,denied,13
15:56:00,processing,4
15:56:00,reversed,4
15:56:00,backend_reversed,1
15:57:00,reversed,166
15:57:00,processing,13
15:57:00,refunded,9
15:57:00,approved,223
15:57:00,backend_reversed,20
15:57:00,denied,66
15:58:00,backend_reversed,7
15:58:00,denied,13
15:58:00,processing,6
15:58:00,reversed,19
15:58:00,approved,39
15:59:00,denied,11
15:59:00,approved,35
15:59:00,reversed,41
15:59:00,refunded,1
16:00:00,reversed,171
16:00:00,processing,3
16:00:00,denied,52
16:00:00,backend_reversed,11
16:00:00,refunded,7
16:00:00,approved,191
16:01:00,processing,7
16:01:00,reversed,103
16:01:00,approved,124
16:01:00,backend_reversed,8
16:01:00,denied,33
16:01:00,refunded,6
16:02:00,backend_reversed,10
16:02:00,approved,193
16:02:00,refunded,3
16:02:00,denied,30
16:02:00,processing,1
16:02:00,reversed,68
16:03:00,refunded,7
16:03:00,approved,282
16:03:00,reversed,110
16:03:00,denied,33
16:03:00,processing,7
16:03:00,backend_reversed,6
16:04:00,approved,58
16:04:00,refunded,2
16:04:00,reversed,32
16:04:00,denied,10
16:04:00,processing,2
16:04:00,backend_reversed,6
16:05:00,reversed,97
16:05:00,approved,121
16:05:00,denied,32
16:05:00,refunded,4
16:05:00,backend_reversed,7
16:05:00,processing,8
16:07:00,denied,11
16:07:00,backend_reversed,3
16:07:00,reversed,39
16:07:00,approved,19
16:07:00,processing,1
16:08:00,approved,169
16:08:00,refunded,3
16:08:00,reversed,85
16:08:00,denied,32
16:08:00,processing,8
16:08:00,backend_reversed,2
16:09:00,refunded,3
16:09:00,backend_reversed,3
16:09:00,approved,80
16:09:00,reversed,75
16:09:00,denied,19
16:10:00,refunded,3
16:10:00,reversed,80
16:10:00,denied,26
16:10:00,backend_reversed,5
16:10:00,processing,2
16:10:00,approved,139
16:11:00,denied,66
16:11:00,backend_reversed,4
16:11:00,processing,3
16:11:00,reversed,140
16:11:00,approved,293
16:11:00,refunded,5
16:12:00,approved,419
16:12:00,processing,3
16:12:00,backend_reversed,4
16:12:00,reversed,90
16:12:00,refunded,2
16:12:00,denied,49
16:13:00,reversed,20
16:13:00,backend_reversed,4
16:13:00,approved,44
16:13:00,denied,5
16:13:00,processing,4
16:15:00,processing,5
16:15:00,approved,38
16:15:00,backend_reversed,9
16:15:00,refunded,2
16:15:00,denied,11
16:15:00,reversed,30
16:16:00,processing,5
16:16:00,failed,2
16:16:00,denied,52
16:16:00,backend_reversed,13
16:16:00,refunded,9
16:16:00,reversed,140
16:16:00,approved,243
16:17:00,backend_reversed,4
16:17:00,denied,26
16:17:00,processing,1
16:17:00,refunded,1
16:17:00,approved,107
16:17:00,reversed,66
16:20:00,reversed,67
16:20:00,backend_reversed,10
16:20:00,processing,1
16:20:00,approved,164
16:20:00,denied,38
16:20:00,refunded,2
16:21:00,refunded,2
16:21:00,backend_reversed,1
16:21:00,reversed,76
16:21:00,denied,33
16:21:00,processing,1
16:21:00,approved,124
16:22:00,backend_reversed,5
16:22:00,reversed,96
16:22:00,denied,28
16:22:00,approved,131
16:22:00,refunded,3
16:22:00,processing,2
16:23:00,approved,66
16:23:00,refunded,1
16:23:00,backend_reversed,2
16:23:00,reversed,70
16:23:00,processing,11
16:23:00,denied,17
16:24:00,approved,89
16:24:00,denied,22
16:24:00,backend_reversed,6
16:24:00,refunded,1
16:24:00,reversed,67
16:24:00,processing,2
16:25:00,approved,58
16:25:00,processing,5
16:25:00,denied,21
16:25:00,refunded,1
16:25:00,reversed,69
16:25:00,backend_reversed,4
16:26:00,processing,6
16:26:00,backend_reversed,13
16:26:00,refunded,10
16:26:00,denied,89
16:26:00,reversed,231
16:26:00,approved,560
16:28:00,backend_reversed,6
16:28:00,processing,22
16:28:00,denied,5
16:28:00,reversed,23
16:28:00,approved,6
16:29:00,approved,35
16:29:00,processing,28
16:29:00,denied,17
16:29:00,backend_reversed,10
16:29:00,reversed,55
16:29:00,refunded,1
16:30:00,approved,367
16:30:00,denied,58
16:30:00,failed,1
16:30:00,processing,2
16:30:00,refunded,2
16:30:00,reversed,143
16:30:00,backend_reversed,7
16:31:00,backend_reversed,1
16:31:00,failed,1
16:31:00,denied,52
16:31:00,refunded,11
16:31:00,approved,510
16:31:00,reversed,175
16:32:00,denied,21
16:32:00,backend_reversed,3
16:32:00,refunded,2
16:32:00,reversed,77
16:32:00,processing,12
16:32:00,approved,81
16:33:00,approved,301
16:33:00,refunded,4
16:33:00,processing,2
16:33:00,backend_reversed,17
16:33:00,reversed,220
16:33:00,denied,86
16:34:00,reversed,216
16:34:00,approved,602
16:34:00,refunded,8
16:34:00,failed,1
16:34:00,denied,106
16:34:00,backend_reversed,9
16:35:00,reversed,135
16:35:00,processing,11
16:35:00,backend_reversed,5
16:35:00,denied,96
16:35:00,approved,773
16:35:00,refunded,6
16:36:00,reversed,53
16:36:00,refunded,4
16:36:00,denied,55
16:36:00,processing,2
16:36:00,backend_reversed,2
16:36:00,approved,392
16:37:00,approved,511
16:37:00,processing,14
16:37:00,reversed,69
16:37:00,denied,84
16:37:00,refunded,8
16:37:00,backend_reversed,9
16:38:00,reversed,64
16:38:00,approved,648
16:38:00,denied,79
16:38:00,backend_reversed,6
16:38:00,refunded,6
16:39:00,denied,133
16:39:00,reversed,53
16:39:00,approved,640
16:39:00,refunded,7
16:39:00,backend_reversed,23
16:40:00,refunded,8
16:40:00,backend_reversed,19
16:40:00,reversed,39
16:40:00,approved,569
16:40:00,denied,124
16:41:00,backend_reversed,15
16:41:00,denied,104
16:41:00,refunded,7
16:41:00,reversed,26
16:41:00,approved,512
16:42:00,reversed,23
16:42:00,backend_reversed,15
16:42:00,approved,502
16:42:00,refunded,5
16:42:00,denied,103
16:43:00,backend_reversed,7
16:43:00,failed,1
16:43:00,processing,1
16:43:00,approved,491
16:43:00,denied,78
16:43:00,reversed,22
16:43:00,refunded,2
16:44:00,processing,4
16:44:00,reversed,20
16:44:00,backend_reversed,10
16:44:00,denied,35
16:44:00,refunded,1
16:44:00,approved,343
16:45:00,approved,477
16:45:00,refunded,2
16:45:00,backend_reversed,5
16:45:00,processing,1
16:45:00,denied,54
16:45:00,reversed,35
16:46:00,approved,430
16:46:00,denied,52
16:46:00,backend_reversed,2
16:46:00,reversed,15
16:46:00,refunded,3
16:47:00,reversed,8
16:47:00,approved,459
16:47:00,denied,58
16:47:00,backend_reversed,2
16:47:00,refunded,1
16:48:00,denied,48
16:48:00,reversed,14
16:48:00,processing,2
16:48:00,approved,391
16:48:00,refunded,2
16:49:00,processing,11
16:49:00,denied,1
16:49:00,reversed,1
16:49:00,approved,11
16:49:00,backend_reversed,2
16:51:00,approved,30
16:51:00,reversed,31
16:51:00,denied,16
16:51:00,backend_reversed,2
16:52:00,reversed,109
16:52:00,denied,55
16:52:00,backend_reversed,4
16:52:00,refunded,4
16:52:00,processing,7
16:52:00,approved,378
16:53:00,refunded,1
16:53:00,processing,9
16:53:00,reversed,35
16:53:00,approved,45
16:53:00,denied,4
16:54:00,approved,69
16:54:00,backend_reversed,6
16:54:00,processing,5
16:54:00,denied,21
16:54:00,refunded,2
16:54:00,reversed,105
16:55:00,reversed,131
16:55:00,processing,7
16:55:00,backend_reversed,5
16:55:00,denied,27
16:55:00,refunded,2
16:55:00,approved,102
16:56:00,refunded,8
16:56:00,reversed,190
16:56:00,approved,305
16:56:00,backend_reversed,4
16:56:00,denied,46
16:56:00,processing,2
16:57:00,refunded,6
16:57:00,reversed,168
16:57:00,denied,92
16:57:00,approved,420
16:57:00,backend_reversed,7
16:58:00,approved,627
16:58:00,processing,4
16:58:00,reversed,108
16:58:00,denied,63
16:58:00,backend_reversed,3
16:59:00,processing,1
16:59:00,denied,74
16:59:00,reversed,93
16:59:00,backend_reversed,4
16:59:00,approved,573
16:59:00,refunded,6
17:00:00,backend_reversed,8
17:00:00,approved,686
17:00:00,denied,96
17:00:00,processing,11
17:00:00,refunded,3
17:00:00,reversed,51
17:01:00,denied,25
17:01:00,backend_reversed,5
17:01:00,approved,154
17:01:00,processing,11
17:01:00,reversed,18
17:02:00,denied,2
17:02:00,approved,15
17:02:00,processing,10
17:02:00,reversed,19
17:02:00,backend_reversed,20
17:03:00,approved,30
17:03:00,processing,6
17:03:00,refunded,1
17:03:00,reversed,35
17:03:00,denied,9
17:03:00,backend_reversed,6
17:06:00,reversed,5
17:06:00,processing,2
17:06:00,backend_reversed,13
17:07:00,backend_reversed,9
17:07:00,reversed,10
17:07:00,processing,2
17:07:00,denied,3
17:07:00,refunded,1
17:07:00,approved,13
17:08:00,backend_reversed,1
17:08:00,reversed,5
17:08:00,approved,84
17:08:00,denied,9
17:08:00,refunded,1
17:08:00,processing,5
17:09:00,denied,8
17:09:00,backend_reversed,4
17:09:00,approved,52
17:09:00,reversed,46
17:09:00,processing,6
17:10:00,approved,384
17:10:00,denied,40
17:10:00,backend_reversed,2
17:10:00,reversed,169
17:10:00,refunded,7
17:11:00,denied,36
17:11:00,refunded,4
17:11:00,backend_reversed,6
17:11:00,processing,2
17:11:00,reversed,113
17:11:00,approved,304
17:12:00,backend_reversed,4
17:12:00,refunded,7
17:12:00,reversed,114
17:12:00,processing,1
17:12:00,denied,38
17:12:00,approved,150
17:13:00,reversed,124
17:13:00,denied,47
17:13:00,approved,297
17:13:00,refunded,7
17:13:00,backend_reversed,11
17:13:00,processing,6
17:14:00,reversed,2
17:14:00,processing,2
17:14:00,backend_reversed,1
17:14:00,denied,1
17:15:00,reversed,100
17:15:00,refunded,6
17:15:00,approved,246
17:15:00,processing,9
17:15:00,denied,59
17:15:00,backend_reversed,16
17:16:00,refunded,4
17:16:00,approved,198
17:16:00,reversed,113
17:16:00,backend_reversed,8
17:16:00,denied,61
17:16:00,processing,2
17:17:00,reversed,87
17:17:00,refunded,6
17:17:00,approved,177
17:17:00,denied,31
17:17:00,backend_reversed,13
17:17:00,processing,3
17:18:00,approved,89
17:18:00,reversed,48
17:18:00,denied,26
17:18:00,processing,5
17:18:00,refunded,5
17:18:00,backend_reversed,11
17:19:00,reversed,24
17:19:00,refunded,1
17:19:00,backend_reversed,8
17:19:00,processing,3
17:19:00,denied,12
17:19:00,approved,33
17:21:00,reversed,76
17:21:00,approved,216
17:21:00,refunded,2
17:21:00,denied,81
17:21:00,backend_reversed,18
17:21:00,processing,3
17:22:00,approved,117
17:22:00,processing,3
17:22:00,reversed,32
17:22:00,backend_reversed,5
17:22:00,denied,20
17:23:00,backend_reversed,13
17:23:00,denied,12
17:23:00,refunded,1
17:23:00,approved,118
17:23:00,processing,6
17:23:00,reversed,24
17:24:00,reversed,1
17:24:00,processing,5
17:24:00,approved,1
17:24:00,backend_reversed,5
17:26:00,backend_reversed,12
17:26:00,reversed,63
17:26:00,approved,190
17:26:00,denied,35
17:26:00,refunded,4
17:26:00,processing,4
17:27:00,processing,14
17:27:00,reversed,17
17:27:00,refunded,8
17:27:00,approved,102
17:27:00,backend_reversed,4
17:27:00,denied,5
17:29:00,refunded,1
17:29:00,approved,10
17:29:00,processing,1
17:29:00,reversed,6
17:29:00,denied,1
17:29:00,backend_reversed,1
17:30:00,backend_reversed,4
17:30:00,processing,2
17:35:00,backend_reversed,2
17:35:00,processing,6
17:35:00,reversed,20
17:35:00,approved,38
17:35:00,denied,7
17:37:00,approved,15
17:37:00,processing,7
17:37:00,backend_reversed,7
17:37:00,reversed,4
17:37:00,denied,2
17:39:00,backend_reversed,3
17:39:00,reversed,7
17:39:00,processing,3
17:39:00,approved,9
17:40:00,processing,6
17:40:00,denied,6
17:40:00,approved,49
17:40:00,backend_reversed,5
17:40:00,reversed,11
17:41:00,approved,2
17:41:00,backend_reversed,4
17:41:00,reversed,3
17:41:00,processing,2
17:42:00,reversed,28
17:42:00,denied,7
17:42:00,approved,55
17:42:00,processing,2
17:42:00,backend_reversed,7
17:44:00,denied,5
17:44:00,backend_reversed,3
17:44:00,refunded,1
17:44:00,approved,29
17:44:00,reversed,14
17:44:00,processing,5
17:46:00,backend_reversed,3
17:46:00,processing,1
17:47:00,approved,3
17:47:00,reversed,2
17:47:00,backend_reversed,3
17:48:00,approved,32
17:48:00,backend_reversed,4
17:48:00,reversed,11
17:48:00,processing,1
17:48:00,denied,4
17:49:00,approved,11
17:49:00,backend_reversed,2
17:49:00,processing,1
17:49:00,reversed,13
17:49:00,denied,1
17:50:00,approved,4
17:50:00,reversed,6
17:50:00,backend_reversed,5
17:50:00,processing,10
17:51:00,refunded,2
17:51:00,approved,11
17:51:00,denied,5
17:51:00,reversed,6
17:51:00,processing,7
17:51:00,backend_reversed,2
17:52:00,approved,9
17:52:00,reversed,4
17:52:00,backend_reversed,2
17:52:00,denied,1
17:52:00,refunded,1
17:54:00,reversed,1
17:54:00,backend_reversed,1
17:55:00,reversed,5
17:55:00,approved,6
17:55:00,denied,2
17:55:00,processing,1
17:55:00,backend_reversed,1
17:56:00,reversed,2
17:56:00,approved,18
17:56:00,processing,4
17:56:00,backend_reversed,1
17:56:00,denied,1
17:57:00,processing,4
17:57:00,reversed,5
17:57:00,approved,30
17:57:00,denied,2
17:58:00,reversed,28
17:58:00,denied,11
17:58:00,backend_reversed,3
17:58:00,processing,2
17:58:00,approved,49
17:59:00,reversed,11
17:59:00,denied,1
17:59:00,approved,33
17:59:00,processing,2
18:00:00,approved,14
18:00:00,reversed,13
18:00:00,denied,2
18:00:00,backend_reversed,2
18:01:00,approved,140
18:01:00,denied,25
18:01:00,backend_reversed,2
18:01:00,reversed,29
18:02:00,approved,80
18:02:00,reversed,43
18:02:00,denied,14
18:02:00,refunded,3
18:02:00,backend_reversed,2
18:03:00,denied,13
18:03:00,approved,115
18:03:00,processing,9
18:03:00,backend_reversed,9
18:03:00,refunded,5
18:03:00,reversed,27
18:05:00,reversed,42
18:05:00,refunded,1
18:05:00,denied,8
18:05:00,approved,60
18:05:00,backend_reversed,12
18:05:00,processing,6
18:06:00,backend_reversed,8
18:06:00,reversed,8
18:06:00,processing,2
18:06:00,approved,3
18:07:00,denied,21
18:07:00,reversed,47
18:07:00,approved,118
18:07:00,backend_reversed,10
18:07:00,processing,4
18:07:00,refunded,2
18:08:00,denied,2
18:08:00,reversed,4
18:08:00,approved,1
18:09:00,backend_reversed,12
18:09:00,reversed,57
18:09:00,approved,89
18:09:00,processing,5
18:09:00,refunded,5
18:09:00,denied,21
18:10:00,denied,20
18:10:00,reversed,46
18:10:00,approved,178
18:10:00,backend_reversed,4
18:10:00,processing,5
18:11:00,approved,41
18:11:00,denied,6
18:11:00,processing,6
18:11:00,reversed,19
18:11:00,backend_reversed,3
18:12:00,approved,14
18:12:00,reversed,12
18:12:00,denied,3
18:13:00,backend_reversed,3
18:13:00,processing,3
18:13:00,approved,94
18:13:00,refunded,3
18:13:00,reversed,41
18:13:00,denied,19
18:14:00,backend_reversed,2
18:14:00,processing,5
18:14:00,reversed,55
18:14:00,approved,126
18:14:00,denied,21
18:14:00,refunded,2
18:15:00,approved,5
18:15:00,refunded,1
18:15:00,backend_reversed,1
18:15:00,reversed,7
18:15:00,processing,2
18:16:00,approved,59
18:16:00,processing,3
18:16:00,denied,9
18:16:00,backend_reversed,7
18:16:00,reversed,38
18:17:00,reversed,30
18:17:00,failed,1
18:17:00,denied,15
18:17:00,processing,9
18:17:00,approved,57
18:17:00,backend_reversed,7
18:17:00,refunded,1
18:18:00,approved,145
18:18:00,reversed,84
18:18:00,denied,28
18:18:00,processing,3
18:18:00,refunded,9
18:18:00,backend_reversed,7
18:18:00,failed,1
18:19:00,reversed,106
18:19:00,approved,237
18:19:00,refunded,3
18:19:00,denied,29
18:19:00,backend_reversed,6
18:19:00,processing,8
18:20:00,denied,40
18:20:00,reversed,101
18:20:00,refunded,4
18:20:00,approved,227
18:20:00,backend_reversed,14
18:20:00,processing,3
18:22:00,refunded,2
18:22:00,approved,49
18:22:00,processing,3
18:22:00,reversed,18
18:22:00,denied,14
18:22:00,backend_reversed,5
18:23:00,backend_reversed,10
18:23:00,processing,3
18:23:00,approved,100
18:23:00,reversed,35
18:23:00,denied,16
18:23:00,refunded,3
18:24:00,reversed,103
18:24:00,refunded,5
18:24:00,backend_reversed,11
18:24:00,denied,60
18:24:00,approved,306
18:25:00,approved,28
18:25:00,reversed,7
18:25:00,backend_reversed,4
18:25:00,denied,5
18:25:00,processing,1
18:25:00,refunded,1
18:27:00,backend_reversed,4
18:27:00,approved,16
18:27:00,processing,2
18:27:00,denied,11
18:27:00,reversed,10
18:28:00,reversed,6
18:28:00,backend_reversed,4
18:28:00,processing,2
18:28:00,approved,6
18:34:00,denied,1
18:34:00,approved,22
18:34:00,reversed,1
18:35:00,reversed,23
18:35:00,denied,7
18:35:00,approved,113
18:36:00,denied,19
18:36:00,approved,182
18:36:00,reversed,66
18:36:00,refunded,2
18:37:00,reversed,53
18:37:00,denied,21
18:37:00,approved,225
18:37:00,refunded,4
18:38:00,denied,49
18:38:00,approved,389
18:38:00,reversed,46
18:38:00,refunded,4
18:39:00,denied,48
18:39:00,backend_reversed,5
18:39:00,reversed,19
18:39:00,approved,394
18:39:00,refunded,3
18:40:00,reversed,23
18:40:00,backend_reversed,6
18:40:00,refunded,5
18:40:00,denied,68
18:40:00,approved,373
18:41:00,backend_reversed,2
18:41:00,denied,64
18:41:00,reversed,18
18:41:00,refunded,5
18:41:00,approved,335
18:42:00,refunded,5
18:42:00,reversed,13
18:42:00,approved,299
18:42:00,backend_reversed,6
18:42:00,denied,56
18:43:00,approved,283
18:43:00,backend_reversed,1
18:43:00,denied,43
18:43:00,reversed,5
18:44:00,reversed,1
18:44:00,approved,251
18:44:00,denied,35
18:44:00,refunded,2
18:45:00,reversed,3
18:45:00,denied,27
18:45:00,refunded,1
18:45:00,approved,251
18:46:00,approved,244
18:46:00,denied,36
18:46:00,reversed,1
18:47:00,reversed,4
18:47:00,approved,223
18:47:00,denied,40
18:48:00,refunded,2
18:48:00,denied,32
18:48:00,approved,235
18:48:00,reversed,3
18:49:00,approved,236
18:49:00,reversed,4
18:49:00,denied,36
18:49:00,refunded,1
18:50:00,denied,38
18:50:00,approved,242
18:50:00,reversed,5
18:51:00,approved,227
18:51:00,refunded,4
18:51:00,denied,29
18:51:00,reversed,2
18:52:00,denied,29
18:52:00,reversed,3
18:52:00,approved,231
18:53:00,approved,228
18:53:00,refunded,2
18:53:00,backend_reversed,1
18:53:00,reversed,5
18:53:00,denied,22
18:54:00,denied,27
18:54:00,reversed,4
18:54:00,approved,222
18:55:00,backend_reversed,3
18:55:00,refunded,1
18:55:00,denied,21
18:55:00,reversed,3
18:55:00,approved,233
18:55:00,failed,1
18:56:00,denied,31
18:56:00,reversed,3
18:56:00,approved,237
18:57:00,approved,255
18:57:00,refunded,1
18:57:00,denied,27
18:57:00,reversed,3
18:58:00,approved,222
18:58:00,reversed,3
18:58:00,denied,34
18:59:00,denied,39
18:59:00,approved,203
18:59:00,reversed,2
19:00:00,approved,215
19:00:00,refunded,1
19:00:00,reversed,3
19:00:00,denied,34
19:01:00,denied,29
19:01:00,refunded,2
19:01:00,approved,235
19:01:00,reversed,1
19:02:00,denied,33
19:02:00,reversed,3
19:02:00,approved,210
19:02:00,refunded,1
19:03:00,approved,209
19:03:00,reversed,3
19:03:00,refunded,1
19:03:00,denied,32
19:04:00,approved,199
19:04:00,refunded,2
19:04:00,denied,18
19:04:00,reversed,5
19:04:00,processing,1
19:05:00,denied,26
19:05:00,reversed,2
19:05:00,approved,206
19:06:00,approved,190
19:06:00,denied,26
19:06:00,reversed,3
19:07:00,denied,30
19:07:00,reversed,3
19:07:00,approved,188
19:08:00,refunded,1
19:08:00,approved,225
19:08:00,denied,28
19:08:00,reversed,2
19:09:00,refunded,1
19:09:00,denied,35
19:09:00,approved,222
19:09:00,reversed,2
19:10:00,refunded,2
19:10:00,approved,191
19:10:00,denied,20
19:11:00,approved,204
19:11:00,reversed,1
19:11:00,denied,21
19:12:00,approved,177
19:12:00,refunded,1
19:12:00,denied,23
19:12:00,reversed,1
19:13:00,reversed,4
19:13:00,approved,174
19:13:00,denied,28
19:14:00,denied,33
19:14:00,approved,214
19:14:00,reversed,2
19:14:00,refunded,1
19:15:00,approved,191
19:15:00,denied,24
19:15:00,reversed,1
19:16:00,denied,27
19:16:00,refunded,1
19:16:00,backend_reversed,1
19:16:00,reversed,1
19:16:00,approved,207
19:17:00,denied,23
19:17:00,approved,189
19:17:00,reversed,3
19:18:00,reversed,1
19:18:00,denied,19
19:18:00,approved,174
19:19:00,reversed,3
19:19:00,approved,181
19:19:00,denied,24
19:20:00,approved,181
19:20:00,denied,23
19:20:00,reversed,3
19:20:00,refunded,1
19:21:00,denied,27
19:21:00,approved,184
19:21:00,refunded,1
19:21:00,reversed,3
19:22:00,denied,20
19:22:00,refunded,1
19:22:00,reversed,2
19:22:00,approved,158
19:23:00,denied,17
19:23:00,reversed,2
19:23:00,approved,197
19:24:00,refunded,3
19:24:00,reversed,2
19:24:00,approved,146
19:24:00,denied,18
19:25:00,denied,24
19:25:00,reversed,3
19:25:00,approved,175
19:26:00,approved,174
19:26:00,reversed,5
19:26:00,refunded,1
19:26:00,denied,25
19:27:00,denied,21
19:27:00,reversed,2
19:27:00,approved,162
19:27:00,refunded,2
19:28:00,approved,181
19:28:00,denied,18
19:28:00,reversed,2
19:29:00,approved,174
19:29:00,denied,21
19:29:00,backend_reversed,2
19:29:00,refunded,1
19:29:00,reversed,4
19:30:00,approved,185
19:30:00,processing,1
19:30:00,refunded,1
19:30:00,reversed,1
19:30:00,denied,26
19:31:00,reversed,1
19:31:00,approved,192
19:31:00,refunded,1
19:31:00,denied,26
19:32:00,reversed,5
19:32:00,approved,156
19:32:00,denied,19
19:33:00,denied,16
19:33:00,reversed,5
19:33:00,approved,156
19:34:00,denied,33
19:34:00,reversed,1
19:34:00,approved,195
19:35:00,refunded,1
19:35:00,backend_reversed,1
19:35:00,reversed,2
19:35:00,denied,19
19:35:00,approved,175
19:36:00,denied,22
19:36:00,approved,191
19:36:00,reversed,2
19:37:00,refunded,1
19:37:00,denied,21
19:37:00,approved,175
19:37:00,reversed,1
19:38:00,denied,16
19:38:00,approved,171
19:38:00,backend_reversed,1
19:39:00,denied,26
19:39:00,refunded,1
19:39:00,approved,163
19:39:00,reversed,6
19:40:00,denied,26
19:40:00,approved,142
19:40:00,reversed,1
19:41:00,approved,154
19:41:00,reversed,1
19:41:00,denied,24
19:42:00,approved,154
19:42:00,reversed,4
19:42:00,denied,14
19:43:00,refunded,1
19:43:00,approved,131
19:43:00,denied,23
19:43:00,reversed,3
19:44:00,reversed,2
19:44:00,approved,169
19:44:00,denied,12
19:45:00,approved,156
19:45:00,denied,11
19:45:00,refunded,1
19:46:00,approved,145
19:46:00,refunded,1
19:46:00,reversed,3
19:46:00,denied,16
19:47:00,approved,158
19:47:00,refunded,1
19:47:00,denied,15
19:48:00,reversed,2
19:48:00,approved,173
19:48:00,denied,28
19:49:00,denied,20
19:49:00,reversed,1
19:49:00,approved,154
19:50:00,reversed,1
19:50:00,denied,27
19:50:00,approved,167
19:51:00,backend_reversed,2
19:51:00,approved,164
19:51:00,denied,22
19:52:00,approved,158
19:52:00,denied,22
19:53:00,denied,16
19:53:00,refunded,2
19:53:00,approved,170
19:54:00,approved,157
19:54:00,denied,17
19:54:00,reversed,1
19:55:00,approved,169
19:55:00,denied,7
19:56:00,denied,17
19:56:00,approved,161
19:57:00,denied,16
19:57:00,refunded,1
19:57:00,reversed,3
19:57:00,approved,152
19:58:00,approved,153
19:58:00,refunded,1
19:58:00,denied,24
19:58:00,reversed,1
19:59:00,approved,149
19:59:00,reversed,1
19:59:00,denied,19
19:59:00,refunded,1
20:00:00,denied,20
20:00:00,reversed,1
20:00:00,approved,144
20:00:00,refunded,1
20:01:00,approved,159
20:01:00,denied,21
20:01:00,refunded,1
20:01:00,reversed,2
20:02:00,denied,20
20:02:00,approved,146
20:02:00,reversed,1
20:03:00,approved,160
20:03:00,reversed,1
20:03:00,denied,29
20:04:00,refunded,1
20:04:00,approved,162
20:04:00,denied,22
20:05:00,reversed,1
20:05:00,refunded,1
20:05:00,approved,156
20:05:00,denied,22
20:06:00,approved,162
20:06:00,reversed,2
20:06:00,denied,26
20:07:00,approved,146
20:07:00,denied,14
20:07:00,reversed,2
20:08:00,denied,25
20:08:00,reversed,1
20:08:00,approved,147
20:09:00,approved,136
20:09:00,denied,19
20:09:00,reversed,2
20:09:00,refunded,1
20:10:00,denied,19
20:10:00,approved,174
20:10:00,refunded,1
20:10:00,reversed,2
20:11:00,approved,147
20:11:00,backend_reversed,1
20:11:00,denied,16
20:12:00,denied,25
20:12:00,approved,140
20:12:00,reversed,1
20:13:00,approved,133
20:13:00,denied,29
20:13:00,reversed,1
20:14:00,approved,132
20:14:00,denied,17
20:14:00,reversed,1
20:15:00,approved,149
20:15:00,refunded,1
20:15:00,denied,17
20:15:00,reversed,1
20:15:00,failed,1
20:16:00,approved,131
20:16:00,denied,18
20:16:00,reversed,1
20:17:00,reversed,2
20:17:00,refunded,1
20:17:00,denied,22
20:17:00,backend_reversed,1
20:17:00,approved,135
20:18:00,approved,142
20:18:00,backend_reversed,3
20:18:00,reversed,2
20:18:00,processing,1
20:18:00,denied,18
20:19:00,approved,151
20:19:00,reversed,2
20:19:00,refunded,1
20:19:00,denied,14
20:19:00,backend_reversed,1
20:20:00,reversed,4
20:20:00,denied,26
20:20:00,refunded,2
20:20:00,approved,134
20:21:00,denied,17
20:21:00,reversed,1
20:21:00,approved,137
20:22:00,approved,141
20:22:00,denied,18
20:22:00,reversed,2
20:23:00,refunded,1
20:23:00,reversed,4
20:23:00,denied,13
20:23:00,approved,139
20:24:00,approved,142
20:24:00,denied,12
20:24:00,reversed,1
20:25:00,reversed,1
20:25:00,approved,148
20:25:00,denied,16
20:26:00,refunded,1
20:26:00,reversed,1
20:26:00,approved,134
20:26:00,denied,18
20:27:00,approved,141
20:27:00,reversed,1
20:27:00,denied,23
20:28:00,reversed,1
20:28:00,denied,22
20:28:00,refunded,1
20:28:00,approved,133
20:29:00,denied,20
20:29:00,reversed,1
20:29:00,processing,1
20:29:00,approved,104
20:29:00,refunded,1
20:30:00,denied,27
20:30:00,reversed,4
20:30:00,approved,156
20:30:00,refunded,1
20:30:00,backend_reversed,1
20:31:00,approved,138
20:31:00,reversed,1
20:31:00,denied,23
20:32:00,approved,143
20:32:00,denied,20
20:33:00,denied,11
20:33:00,reversed,2
20:33:00,approved,130
20:34:00,approved,139
20:34:00,denied,13
20:34:00,reversed,2
20:34:00,refunded,1
20:35:00,denied,12
20:35:00,approved,142
20:35:00,reversed,1
20:35:00,backend_reversed,1
20:36:00,approved,146
20:36:00,reversed,3
20:36:00,denied,26
20:37:00,approved,128
20:37:00,reversed,1
20:37:00,denied,24
20:38:00,approved,122
20:38:00,denied,9
20:38:00,refunded,1
20:39:00,reversed,1
20:39:00,approved,136
20:39:00,denied,19
20:40:00,approved,157
20:40:00,reversed,1
20:40:00,denied,17
20:41:00,refunded,2
20:41:00,denied,17
20:41:00,approved,164
20:42:00,denied,19
20:42:00,approved,126
20:43:00,denied,16
20:43:00,approved,120
20:43:00,reversed,1
20:44:00,reversed,3
20:44:00,denied,16
20:44:00,approved,126
20:45:00,denied,17
20:45:00,approved,123
20:45:00,refunded,1
20:46:00,approved,139
20:46:00,denied,17
20:46:00,reversed,1
20:46:00,backend_reversed,1
20:47:00,denied,19
20:47:00,reversed,3
20:47:00,backend_reversed,1
20:47:00,approved,153
20:47:00,refunded,1
20:48:00,approved,128
20:48:00,reversed,3
20:48:00,denied,16
20:49:00,denied,16
20:49:00,reversed,2
20:49:00,approved,121
20:50:00,approved,121
20:50:00,denied,22
20:51:00,approved,132
20:51:00,denied,19
20:51:00,reversed,2
20:52:00,reversed,2
20:52:00,denied,12
20:52:00,refunded,1
20:52:00,approved,136
20:53:00,reversed,1
20:53:00,refunded,1
20:53:00,approved,115
20:53:00,denied,17
20:54:00,approved,128
20:54:00,reversed,2
20:54:00,refunded,1
20:54:00,denied,15
20:55:00,approved,101
20:55:00,denied,14
20:56:00,approved,105
20:56:00,denied,14
20:57:00,approved,115
20:57:00,denied,18
20:57:00,refunded,1
20:58:00,backend_reversed,1
20:58:00,approved,114
20:58:00,denied,15
20:59:00,denied,12
20:59:00,approved,125
21:00:00,refunded,1
21:00:00,approved,87
21:00:00,denied,12
21:01:00,backend_reversed,1
21:01:00,refunded,1
21:01:00,denied,12
21:01:00,reversed,3
21:01:00,approved,112
21:02:00,approved,126
21:02:00,denied,12
21:02:00,reversed,1
21:03:00,approved,127
21:03:00,refunded,1
21:03:00,denied,18
21:04:00,denied,15
21:04:00,approved,125
21:05:00,denied,15
21:05:00,reversed,1
21:05:00,approved,117
21:06:00,approved,108
21:06:00,denied,17
21:07:00,denied,15
21:07:00,approved,128
21:07:00,reversed,1
21:08:00,denied,21
21:08:00,approved,99
21:09:00,approved,113
21:09:00,denied,14
21:10:00,approved,119
21:10:00,reversed,3
21:10:00,backend_reversed,1
21:10:00,denied,16
21:11:00,refunded,2
21:11:00,approved,96
21:11:00,backend_reversed,2
21:11:00,denied,14
21:11:00,reversed,1
21:12:00,backend_reversed,1
21:12:00,denied,11
21:12:00,approved,104
21:12:00,reversed,1
21:13:00,approved,103
21:13:00,denied,7
21:13:00,reversed,1
21:13:00,backend_reversed,1
21:14:00,approved,110
21:14:00,denied,17
21:14:00,backend_reversed,2
21:14:00,reversed,3
21:15:00,approved,116
21:15:00,denied,13
21:15:00,backend_reversed,2
21:16:00,denied,22
21:16:00,backend_reversed,2
21:16:00,approved,110
21:16:00,reversed,1
21:17:00,approved,101
21:17:00,denied,20
21:18:00,denied,12
21:18:00,approved,103
21:18:00,refunded,1
21:18:00,backend_reversed,1
21:19:00,denied,15
21:19:00,approved,114
21:20:00,denied,19
21:20:00,reversed,2
21:20:00,refunded,1
21:20:00,approved,102
21:21:00,backend_reversed,1
21:21:00,approved,107
21:21:00,refunded,1
21:21:00,denied,14
21:21:00,reversed,2
21:22:00,approved,112
21:22:00,reversed,1
21:22:00,denied,19
21:23:00,approved,117
21:23:00,denied,8
21:23:00,reversed,1
21:24:00,refunded,1
21:24:00,approved,117
21:24:00,denied,18
21:25:00,approved,122
21:25:00,backend_reversed,1
21:25:00,denied,13
21:26:00,denied,16
21:26:00,backend_reversed,1
21:26:00,approved,97
21:27:00,reversed,1
21:27:00,approved,122
21:27:00,denied,13
21:27:00,backend_reversed,1
21:28:00,approved,103
21:28:00,denied,17
21:29:00,approved,101
21:29:00,reversed,1
21:29:00,denied,15
21:30:00,approved,100
21:30:00,denied,18
21:31:00,refunded,1
21:31:00,denied,23
21:31:00,approved,114
21:32:00,denied,9
21:32:00,approved,108
21:32:00,reversed,1
21:33:00,approved,95
21:33:00,denied,23
21:34:00,denied,12
21:34:00,approved,93
21:34:00,refunded,1
21:35:00,denied,16
21:35:00,approved,95
21:35:00,refunded,1
21:35:00,reversed,1
21:36:00,refunded,1
21:36:00,denied,15
21:36:00,approved,100
21:37:00,denied,17
21:37:00,approved,92
21:38:00,denied,16
21:38:00,approved,79
21:39:00,approved,90
21:39:00,denied,16
21:40:00,denied,14
21:40:00,approved,89
21:41:00,denied,7
21:41:00,reversed,2
21:41:00,approved,85
21:41:00,refunded,1
21:42:00,refunded,1
21:42:00,reversed,1
21:42:00,denied,10
21:42:00,backend_reversed,1
21:42:00,approved,98
21:43:00,reversed,6
21:43:00,denied,16
21:43:00,backend_reversed,1
21:43:00,approved,108
21:44:00,reversed,1
21:44:00,approved,81
21:44:00,denied,18
21:45:00,approved,103
21:45:00,backend_reversed,1
21:45:00,reversed,1
21:45:00,denied,10
21:46:00,reversed,1
21:46:00,approved,89
21:46:00,denied,12
21:47:00,denied,11
21:47:00,reversed,2
21:47:00,approved,76
21:48:00,approved,109
21:48:00,denied,19
21:49:00,approved,102
21:49:00,reversed,1
21:49:00,denied,13
21:50:00,denied,13
21:50:00,refunded,1
21:50:00,reversed,1
21:50:00,approved,74
21:51:00,approved,79
21:51:00,denied,11
21:52:00,approved,94
21:52:00,denied,15
21:53:00,approved,87
21:53:00,denied,15
21:54:00,approved,90
21:54:00,denied,14
21:55:00,denied,12
21:55:00,approved,90
21:56:00,denied,15
21:56:00,reversed,3
21:56:00,approved,94
21:57:00,denied,12
21:57:00,approved,83
21:58:00,approved,86
21:58:00,denied,7
21:58:00,reversed,1
21:58:00,refunded,1
21:59:00,denied,8
21:59:00,approved,98
22:00:00,denied,10
22:00:00,approved,86
22:01:00,denied,6
22:01:00,approved,87
22:01:00,refunded,1
22:02:00,denied,5
22:02:00,approved,71
22:02:00,reversed,1
22:03:00,denied,10
22:03:00,approved,101
22:04:00,approved,95
22:04:00,denied,13
22:05:00,denied,10
22:05:00,approved,75
22:06:00,denied,10
22:06:00,approved,91
22:07:00,approved,73
22:07:00,denied,14
22:08:00,denied,11
22:08:00,refunded,1
22:08:00,approved,75
22:09:00,denied,11
22:09:00,approved,86
22:09:00,refunded,1
22:10:00,approved,83
22:10:00,refunded,1
22:10:00,denied,19
22:11:00,approved,67
22:11:00,denied,16
22:12:00,denied,12
22:12:00,approved,56
22:13:00,denied,14
22:13:00,approved,87
22:14:00,backend_reversed,1
22:14:00,reversed,1
22:14:00,denied,15
22:14:00,approved,70
22:15:00,denied,11
22:15:00,approved,81
22:16:00,denied,11
22:16:00,approved,70
22:17:00,approved,61
22:17:00,denied,13
22:18:00,denied,10
22:18:00,approved,56
22:18:00,refunded,1
22:19:00,reversed,1
22:19:00,denied,6
22:19:00,approved,68
22:20:00,approved,83
22:20:00,denied,9
22:21:00,denied,14
22:21:00,approved,61
22:22:00,approved,79
22:22:00,denied,8
22:23:00,denied,8
22:23:00,reversed,3
22:23:00,approved,60
22:24:00,denied,5
22:24:00,approved,60
22:25:00,denied,7
22:25:00,backend_reversed,1
22:25:00,refunded,1
22:25:00,approved,61
22:25:00,reversed,1
22:26:00,reversed,1
22:26:00,denied,6
22:26:00,approved,69
22:27:00,approved,62
22:27:00,denied,4
22:27:00,reversed,1
22:28:00,denied,6
22:28:00,approved,71
22:29:00,approved,68
22:29:00,denied,8
22:29:00,reversed,1
22:30:00,denied,6
22:30:00,approved,62
22:31:00,denied,3
22:31:00,reversed,2
22:31:00,approved,49
22:32:00,approved,52
22:32:00,denied,4
22:32:00,refunded,1
22:33:00,approved,67
22:33:00,reversed,1
22:33:00,denied,6
22:34:00,approved,48
22:34:00,refunded,1
22:34:00,denied,9
22:35:00,denied,8
22:35:00,reversed,1
22:35:00,approved,64
22:36:00,denied,13
22:36:00,approved,43
22:37:00,approved,60
22:37:00,denied,7
22:38:00,approved,61
22:38:00,denied,8
22:38:00,refunded,1
22:39:00,approved,54
22:39:00,denied,9
22:40:00,approved,66
22:40:00,denied,7
22:41:00,denied,11
22:41:00,approved,66
22:42:00,approved,53
22:42:00,denied,8
22:43:00,denied,9
22:43:00,approved,62
22:44:00,approved,57
22:44:00,denied,11
22:45:00,denied,10
22:45:00,approved,64
22:45:00,reversed,1
22:46:00,denied,12
22:46:00,approved,53
22:47:00,refunded,1
22:47:00,denied,15
22:47:00,approved,66
22:48:00,backend_reversed,1
22:48:00,approved,43
22:48:00,denied,8
22:49:00,approved,55
22:49:00,denied,8
22:50:00,denied,7
22:50:00,approved,39
22:51:00,approved,42
22:51:00,denied,15
22:52:00,denied,12
22:52:00,reversed,1
22:52:00,approved,47
22:53:00,denied,11
22:53:00,approved,49
22:54:00,approved,49
22:54:00,denied,14
22:55:00,approved,50
22:55:00,denied,11
22:55:00,reversed,1
22:56:00,approved,56
22:56:00,denied,5
22:57:00,approved,46
22:57:00,refunded,1
22:57:00,denied,9
22:58:00,denied,11
22:58:00,reversed,1
22:58:00,approved,48
22:59:00,approved,59
22:59:00,denied,5
22:59:00,refunded,1
23:00:00,approved,53
23:00:00,denied,9
23:01:00,denied,9
23:01:00,approved,44
23:02:00,denied,11
23:02:00,approved,54
23:03:00,approved,55
23:03:00,denied,4
23:04:00,approved,55
23:04:00,denied,12
23:05:00,denied,6
23:05:00,approved,42
23:06:00,approved,44
23:06:00,denied,8
23:07:00,denied,6
23:07:00,approved,51
23:07:00,reversed,1
23:08:00,approved,46
23:08:00,denied,5
23:09:00,reversed,2
23:09:00,denied,7
23:09:00,approved,29
23:10:00,approved,33
23:10:00,denied,3
23:11:00,approved,33
23:11:00,denied,3
23:12:00,approved,47
23:12:00,denied,4
23:13:00,denied,5
23:13:00,approved,43
23:14:00,approved,37
23:14:00,denied,8
23:14:00,failed,1
23:15:00,denied,9
23:15:00,approved,36
23:16:00,approved,40
23:16:00,denied,9
23:17:00,approved,25
23:17:00,denied,4
23:18:00,approved,25
23:18:00,denied,6
23:19:00,approved,30
23:19:00,denied,7
23:20:00,approved,29
23:20:00,refunded,1
23:20:00,denied,5
23:21:00,reversed,2
23:21:00,denied,6
23:21:00,approved,52
23:22:00,denied,5
23:22:00,approved,35
23:23:00,approved,20
23:23:00,denied,4
23:24:00,approved,28
23:24:00,denied,2
23:24:00,processing,1
23:25:00,approved,34
23:25:00,denied,6
23:26:00,approved,37
23:26:00,denied,2
23:27:00,approved,20
23:27:00,reversed,1
23:27:00,denied,10
23:28:00,denied,6
23:28:00,approved,26
23:29:00,approved,37
23:29:00,denied,7
23:30:00,denied,5
23:30:00,approved,27
23:31:00,approved,31
23:31:00,denied,1
23:32:00,denied,3
23:32:00,approved,26
23:33:00,denied,9
23:33:00,approved,21
23:34:00,approved,31
23:34:00,denied,3
23:35:00,denied,5
23:35:00,reversed,1
23:35:00,approved,21
23:36:00,approved,32
23:36:00,denied,5
23:37:00,approved,32
23:37:00,denied,4
23:38:00,approved,24
23:38:00,denied,7
23:39:00,denied,4
23:39:00,approved,26
23:40:00,approved,20
23:40:00,denied,3
23:41:00,approved,24
23:41:00,denied,3
23:42:00,denied,5
23:42:00,approved,25
23:43:00,approved,30
23:43:00,denied,7
23:44:00,approved,29
23:44:00,denied,3
23:44:00,reversed,1
23:45:00,approved,28
23:45:00,refunded,1
23:45:00,denied,5
23:46:00,approved,23
23:46:00,backend_reversed,2
23:46:00,denied,3
23:53:00,approved,46
23:53:00,denied,3
23:54:00,denied,6
23:54:00,approved,43
23:55:00,denied,4
23:55:00,approved,32
23:56:00,denied,3
23:56:00,approved,30
23:57:00,denied,4
23:57:00,reversed,1
23:57:00,approved,21
23:58:00,processing,3
23:58:00,approved,11
23:58:00,reversed,2
23:58:00,backend_reversed,4
23:58:00,denied,3
23:58:00,refunded,1
23:59:00,processing,4
23:59:00,denied,1
23:59:00,backend_reversed,5
23:59:00,approved,10
23:59:00,reversed,6
